Workbook
Name BenA_DiaChi: DATA!$C$18
Name BenA_NT1: DATA!$C$21
Name BenA_NT1_CV: DATA!$C$22
Name BenA_NT2: DATA!$C$23
Name BenA_NT2_CV: DATA!$C$24
Name BenA_PL: DATA!$C$19
Name BenA_PL_CV: DATA!$C$20
Name BenA_Ten: DATA!$C$17
Name BenB_DiaChi: DATA!$C$27
Name BenB_NT1: DATA!$C$30
Name BenB_NT1_CV: DATA!$C$31
Name BenB_NT2: DATA!$C$32
Name BenB_NT2_CV: DATA!$C$33
Name BenB_PL: DATA!$C$28
Name BenB_PL_CV: DATA!$C$29
Name BenB_Ten: DATA!$C$26
Name COCQ: DATA!$C$36
Name DiaDiem: DATA!$C$8
Name DuAn: DATA!$C$5
Name GoiThau: DATA!$C$6
Name HangMuc: DATA!$C$7
Name MaDA: DATA!$C$9
Name NgayBBVT: DATA!$C$15
Name NgayHD: DATA!$C$12
Name NgayPL: DATA!$C$14
Name NhaSX: DATA!$C$35
Name SoHD: DATA!$C$11
Name SoPL: DATA!$C$13

Sheet DATA
B1: BẢNG DỮ LIỆU DÙNG CHUNG - HỒ SƠ NGHIỆM THU THANG MÁY P3
B2: Cập nhật giá trị tại cột "Giá trị" (ô nền vàng); toàn bộ các sheet Phiếu yêu cầu và Biên bản sẽ tự động cập nhật theo.
B4: THÔNG TIN DỰ ÁN
B5: Dự án
B6: Gói thầu
B7: Hạng mục
B8: Địa điểm
B9: Mã hồ sơ (dự án)
B10: HỢP ĐỒNG
B11: Số hợp đồng
B12: Ngày ký hợp đồng
B13: Số phụ lục hợp đồng
... B36: Giấy xuất xưởng, số lô (CO, CQ)

Sheet DanhMuc
A1: DANH MỤC HỒ SƠ NGHIỆM THU THANG MÁY P3
A2: Nhập Ngày phát hành / Giờ bắt đầu / Giờ kết thúc / Ngày nghiệm thu tại các ô nền vàng (ngày dạng dd/mm/yyyy, ví dụ 05/02/2026; giờ dạng 08h30). Tên tài liệu sửa tại cột C; Số hiệu tự động theo Mã hồ sơ ở sheet DATA. Toàn bộ các sheet Phiếu yêu cầu và Biên bản sẽ tự cập nhật theo.
A4: STT | B4: Loại | C4: Tên tài liệu | D4: Số hiệu | E4: Ngày phát hành | F4: Giờ bắt đầu | G4: Giờ kết thúc | H4: Ngày nghiệm thu | I4: Sheet
A5: 1 | B5: Phiếu YC | C5: Phiếu yêu cầu nghiệm thu lắp đặt tĩnh thiết bị thang máy | D5: ="1/TM/PYCNTLĐT-TB/"&MaDA&"-P3" | I5: PYC1_LapDatTinh
B6: Biên bản | C6: Biên bản nghiệm thu lắp đặt tĩnh thang máy P3 | D6: ="1/TM/BBNLT/"&MaDA&"-P3" | I6: BB1_LapDatTinh
A7: 2 | B7: Phiếu YC | C7: Phiếu yêu cầu nghiệm thu chạy thử đơn động không tải thang máy | D7: ="2/TM/PYCNTĐĐKT-TB/"&MaDA&"-P3" | I7: PYC2_DonDongKhongTai
B8: Biên bản | C8: Biên bản nghiệm thu chạy thử đơn động không tải thang máy P3 | D8: ="2/TM/BBNCTDDKT/"&MaDA&"-P3" | I8: BB2_DonDongKhongTai
A9: 3 | B9: Phiếu YC | C9: Phiếu yêu cầu nghiệm thu chạy thử đơn động có tải thang máy | D9: ="3/TM/PYCNTĐĐCT-TB/"&MaDA&"-P3" | I9: PYC3_DonDongCoTai
B10: Biên bản | C10: Biên bản nghiệm thu chạy thử đơn động có tải thang máy P3 | D10: ="3/TM/BBNCTDDCT/"&MaDA&"-P3" | I10: BB3_DonDongCoTai
A11: 4 | B11: Phiếu YC | C11: Phiếu yêu cầu nghiệm thu chạy thử liên động không tải thang máy | D11: ="4/TM/PYCNTLĐKT-TB/"&MaDA&"-P3" | I11: PYC4_LienDongKhongTai
B12: Biên bản | C12: Biên bản nghiệm thu chạy thử liên động không tải thang máy P3 | D12: ="4/TM/BBNCTLDKT/"&MaDA&"-P3" | I12: BB4_LienDongKhongTai
A13: 5 | B13: Phiếu YC | C13: Phiếu yêu cầu nghiệm thu chạy thử liên động có tải thang máy | D13: ="5/TM/PYCNTLĐCT-TB/"&MaDA&"-P3" | I13: PYC5_LienDongCoTai
B14: Biên bản | C14: Biên bản nghiệm thu chạy thử liên động có tải thang máy P3 | D14: ="5/TM/BBNCTLDCT/"&MaDA&"-P3" | I14: BB5_LienDongCoTai
A15: 6 | B15: Phiếu YC | C15: Phiếu yêu cầu nghiệm thu hoàn thành hạng mục thang máy | D15: ="6/TM/PYCNTHTHM-TB/"&MaDA&"-P3" | I15: PYC6_HoanThanhHangMuc
B16: Biên bản | C16: Biên bản nghiệm thu hoàn thành hạng mục đưa vào sử dụng | D16: ="6/TM/BBNTHM/"&MaDA&"-P3" | I16: BB6_HoanThanhHangMuc
A17: 7 | B17: Bàn giao | C17: Biên bản bàn giao thang máy | D17: ="7/TM/BBBG/"&MaDA&"-P3" | I17: BBG_BanGiao

Sheet PYC1_LapDatTinh
A1: CỘNG HÒA XÃ HỘI CHỦ NGHĨA VIỆT NAM
A2: Độc lập - Tự do - Hạnh phúc
A3: --------o0o--------
A4: ="Hà Nội, "&IF(LEN(DanhMuc!$E$5)=10,"ngày "&LEFT(DanhMuc!$E$5,2)&" tháng "&MID(DanhMuc!$E$5,4,2)&" năm "&RIGHT(DanhMuc!$E$5,4),"ngày …... tháng …... năm 2026")&"."
A5: PHIẾU YÊU CẦU NGHIỆM THU
A6: =UPPER(SUBSTITUTE(DanhMuc!$C$5,"Phiếu yêu cầu nghiệm thu ",""))
A7: ="SỐ: "&DanhMuc!$D$5
A8: ="Dự án : "&DuAn
A9: ="Gói thầu : "&GoiThau
A10: ="Hạng mục : "&HangMuc
A11: ="Địa điểm : "&DiaDiem
A12: ="Bên A (Bên Mua) : "&BenA_Ten&" - "&BenA_DiaChi
A13: ="Bên B (Bên Bán) : "&BenB_Ten&" - "&BenB_DiaChi
A14: Đối tượng yêu cầu nghiệm thu:
A15: Thang máy P3 và các thiết bị, phụ kiện đi kèm
A16: ="Hợp đồng mua bán số "&SoHD&" ký ngày "&NgayHD&" và "&"Phụ lục Hợp đồng số "&SoPL&" ký ngày "&NgayPL&"."
A17: ="Biên bản phê duyệt vật liệu, sản phẩm xây dựng/Biên bản phê duyệt thiết bị số: 1/TM/BBNTVL-TB/"&MaDA&" ngày "&NgayBBVT&"."
A18: Khối lượng đề nghị nghiệm thu:
A19: TT | B19: Loại vật liệu, sản phẩm | D19: Số lượng | E19: Quy cách | F19: Chủng loại | H19: Giấy xuất xưởng, số lô (CO, CQ) | J19: Nhà sản xuất
A20: 1 | B20: Thang máy P3 và các thiết bị, phụ kiện đi kèm | D20: 1 | E20: Bộ | F20: Thang máy chở khách, PCCC, có Phòng máy | H20: =COCQ | J20: =NhaSX
A21: Đại diện Bên B (Bên Bán):
A22: ="Ông: "&BenB_PL&" Chức vụ: "&BenB_PL_CV&" Chữ ký: ….........................."
A23: Sau khi kiểm tra hồ sơ và quy trình lắp đặt, chạy thử; đối chiếu với bản vẽ thiết kế và các tiêu chuẩn được áp dụng; đối chiếu Hợp đồng, hồ sơ thiết kế, chỉ dẫn kỹ thuật và các quy chuẩn, tiêu chuẩn được áp dụng, chúng tôi đã hoàn thành nghiệm thu nội bộ và khẳng định rằng: Chất lượng Công việc lắp đặt đảm bảo các yêu cầu kỹ thuật và đủ điều kiện nghiệm thu.
A24: ="Đề nghị Bên A (Bên Mua) - "&BenA_Ten&" tổ chức nghiệm thu:"
A25: ="Thời gian nghiệm thu: "&IF(DanhMuc!$F$5="","10h00",DanhMuc!$F$5)&" "&IF(LEN(DanhMuc!$H$5)=10,"Ngày "&LEFT(DanhMuc!$H$5,2)&" Tháng "&MID(DanhMuc!$H$5,4,2)&" Năm "&RIGHT(DanhMuc!$H$5,4),"Ngày …. Tháng …... Năm ….....")
A26: Tài liệu kèm theo:
A27: - Biên bản giao hàng;
A28: - Chứng chỉ chất lượng sản phẩm;
A29: - Kết quả thí nghiệm vật liệu;
A30: ="- Dự thảo Biên bản nghiệm thu lắp đặt tĩnh số "&DanhMuc!$D$6&" kèm Bảng kiểm tra (Checklist)."
A31: ="ĐẠI DIỆN BÊN A ("&UPPER(BenA_Ten)&")" | D31: Đã nhận Phiếu yêu cầu lúc 10h20 Ngày …. Tháng …... Năm …..... | H31: Người nhận

Sheet BB1_LapDatTinh
A2: CỘNG HÒA XÃ HỘI CHỦ NGHĨA VIỆT NAM
A3: Độc lập - Tự do - Hạnh phúc
A4: --------o0o--------
A5: ="Hà Nội, "&IF(LEN(DanhMuc!$E$6)=10,"ngày "&LEFT(DanhMuc!$E$6,2)&" tháng "&MID(DanhMuc!$E$6,4,2)&" năm "&RIGHT(DanhMuc!$E$6,4),"ngày …... tháng …... năm 2026")
A6: =UPPER(DanhMuc!$C$6)
A7: ="SỐ: "&DanhMuc!$D$6
A8: ="Dự án: "&DuAn
A9: ="Gói thầu: "&GoiThau
A10: ="Hạng mục: "&HangMuc
A11: ="Địa điểm: "&DiaDiem
A12: 1. Đối tượng nghiệm thu:
A13: Thang máy P3 (thang máy chở người/PCCC có phòng máy, nhãn hiệu Schindler) và toàn bộ thiết bị, phụ kiện đi kèm - Nghiệm thu lắp đặt tĩnh.
A14: 2. Thành phần nghiệm thu:
A15: ="- Đại diện Bên A (Bên Mua): "&BenA_Ten
A16: =" Ông/Bà: "&IF(BenA_NT1="","…......................................",BenA_NT1)&" Chức vụ: "&IF(BenA_NT1_CV="","…....................",BenA_NT1_CV)
A17: =" Ông/Bà: "&IF(BenA_NT2="","…......................................",BenA_NT2)&" Chức vụ: "&IF(BenA_NT2_CV="","…....................",BenA_NT2_CV)
A18: ="- Đại diện Bên B (Bên Bán): "&BenB_Ten
A19: =" Ông/Bà: "&IF(BenB_NT1="","…......................................",BenB_NT1)&" Chức vụ: "&IF(BenB_NT1_CV="","…....................",BenB_NT1_CV)
A20: =" Ông/Bà: "&IF(BenB_NT2="","…......................................",BenB_NT2)&" Chức vụ: "&IF(BenB_NT2_CV="","…....................",BenB_NT2_CV)
A21: 3. Thời gian và địa điểm nghiệm thu:
A22: ="- Bắt đầu: "&IF(DanhMuc!$F$6="","…....... giờ …....... phút",DanhMuc!$F$6)&", "&IF(LEN(DanhMuc!$H$6)=10,"ngày "&LEFT(DanhMuc!$H$6,2)&" tháng "&MID(DanhMuc!$H$6,4,2)&" năm "&RIGHT(DanhMuc!$H$6,4),"ngày …....... tháng …....... năm 2026")
A23: ="- Kết thúc: "&IF(DanhMuc!$G$6="","…....... giờ …....... phút",DanhMuc!$G$6)&", "&IF(LEN(DanhMuc!$H$6)=10,"ngày "&LEFT(DanhMuc!$H$6,2)&" tháng "&MID(DanhMuc!$H$6,4,2)&" năm "&RIGHT(DanhMuc!$H$6,4),"ngày …....... tháng …....... năm 2026")
A24: - Tại: Công trường Tòa nhà Trung tâm Điều hành, Khu Trung tâm ĐHQG Hà Nội, xã Hòa Lạc, Hà Nội
A25: 4. Căn cứ nghiệm thu:
A26: a) Tài liệu pháp lý và hợp đồng:
A27: ="- Hợp đồng mua bán số "&SoHD&" ký ngày "&NgayHD&" giữa "&BenA_Ten&" (Bên A) và "&BenB_Ten&" (Bên B)."
A28: ="- "&"Phụ lục Hợp đồng số "&SoPL&" ký ngày "&NgayPL&" của Hợp đồng số "&SoHD&"."
A29: - Hồ sơ thiết kế, bản vẽ thi công thang máy được hai Bên phê duyệt.
A30: - Biên bản phê duyệt vật liệu/thiết bị số: ….......
A31: ="- Biên bản nghiệm thu vật tư thiết bị số: 1/TM/BBNTVL-TB/"&MaDA&" ngày "&NgayBBVT&"."
A32: b) Quy chuẩn, tiêu chuẩn áp dụng:
A33: - Nghị định 06/2021/NĐ-CP: Quản lý chất lượng và bảo trì công trình xây dựng;
A34: - Thông tư 10/2021/TT-BXD hướng dẫn thi hành Nghị định 06/2021/NĐ-CP;
A35: - QCVN 02:2019/BLĐTBXH: Quy chuẩn kỹ thuật quốc gia về an toàn lao động đối với thang máy;
A36: - TCVN 6396-20:2017 (EN 81-20:2014): Yêu cầu an toàn về cấu tạo và lắp đặt thang máy chở người;
A37: - TCVN 6396-72:2010 (EN 81-72:2003): Thang máy chữa cháy - yêu cầu an toàn;
A38: - Và các tiêu chuẩn liên quan khác.
A39: c) Tài liệu kỹ thuật:
A40: - Nhật ký thi công, nhật ký giám sát và các văn bản liên quan đến đối tượng nghiệm thu.
A41: - Catalogue kỹ thuật và chứng chỉ chất lượng của nhà sản xuất Schindler.
A42: 5. Nội dung nghiệm thu lắp đặt tĩnh:
A43: Kiểm tra sự phù hợp của toàn bộ thiết bị, kết cấu lắp đặt so với hồ sơ thiết kế và các tiêu chuẩn áp dụng. Kết quả chi tiết xem Phụ lục Checklist kèm theo.
... A50: ☐ Không đồng ý nghiệm thu (lý do: ….................................................................)
A52: ="ĐẠI DIỆN BÊN A "&UPPER(BenA_Ten)&" (Ký, ghi rõ họ tên) …..............................." | F52: ="ĐẠI DIỆN BÊN B "&UPPER(BenB_Ten)&" (Ký, ghi rõ họ tên) …..............................."
A55: PHỤ LỤC
A56: BẢNG KIỂM TRA (CHECKLIST) - NGHIỆM THU LẮP ĐẶT TĨNH
A57: ="Kèm theo: "&DanhMuc!$D$6
A58: Thang máy: P3 - Thang máy chở người/PCCC có phòng máy (Schindler)
A59: Căn cứ: TCVN 6396-20:2017 (EN 81-20:2014) & TCVN 6396-72:2010 (EN 81-72:2003)
A60: STT | B60: Nội dung kiểm tra | E60: Yêu cầu kỹ thuật / Tham chiếu | H60: Kết quả thực tế | I60: Đánh giá | J60: Ghi chú
A61: A. HỐ THANG & BUỒNG MÁY (TCVN 6396-20:2017 §5)
A62: A.1 | B62: Kích thước hố thang (chiều rộng, sâu) đúng thiết kế | E62: Theo bản vẽ thiết kế được duyệt; §5.2.1 | H62: Đạt | I62: ☑ Đạt
A63: A.2 | B63: Chiều cao trên đỉnh (overhead) ≥ giá trị thiết kế | E63: §5.7.1 - tối thiểu theo tính toán | H63: Đạt | I63: ☑ Đạt
A64: A.3 | B64: Hố pit đủ chiều sâu, có đèn chiếu sáng và ổ cắm | E64: §5.7.2, §5.5.1 | H64: Đạt | I64: ☑ Đạt
A65: A.4 | B65: Thang trèo hố pit đủ tiêu chuẩn, cửa pit có khóa an toàn | E65: §5.7.3 | H65: Đạt | I65: ☑ Đạt
A66: A.5 | B66: Phòng máy: kích thước, thông gió, ánh sáng, sàn chịu tải | E66: §6.3, §6.4 | H66: Đạt | I66: ☑ Đạt
A67: A.6 | B67: Lối vào phòng máy độc lập, có khóa và biển cảnh báo | E67: §6.2 | H67: Đạt | I67: ☑ Đạt
A68: B. RAY DẪN HƯỚNG (TCVN 6396-20:2017 §10)
A69: B.1 | B69: Ray dẫn cabin lắp thẳng đứng, sai số ≤ 1/1000 | E69: §10.1.2 | H69: Đạt | I69: ☑ Đạt
A70: B.2 | B70: Ray dẫn đối trọng lắp thẳng đứng, đúng tim | E70: §10.1.2 | H70: Đạt | I70: ☑ Đạt
A71: B.3 | B71: Giá đỡ ray (brackets) hàn/bu lông đúng khoảng cách ≤ 2,5m | E71: §10.1.3 | H71: Đạt | I71: ☑ Đạt
A72: B.4 | B72: Mối nối ray phẳng, sai lệch ≤ 0,05mm | E72: §10.2 | H72: Đạt | I72: ☑ Đạt
A73: C. CABIN (TCVN 6396-20:2017 §8)
A74: C.1 | B74: Kích thước cabin đúng thiết kế (diện tích tải trọng) | E74: §8.2, Bảng 2 | H74: Đạt | I74: ☑ Đạt
A75: C.2 | B75: Độ bền kết cấu cabin, khung cabin | E75: §8.1 | H75: Đạt | I75: ☑ Đạt
A76: C.3 | B76: Chiều cao tự do trong cabin ≥ 2,0m | E76: §8.2.4 | H76: Đạt | I76: ☑ Đạt
A77: C.4 | B77: Hệ thống chiếu sáng cabin ≥ 50 lux tại sàn; đèn sự cố | E77: §8.10, §8.11 | H77: Đạt | I77: ☑ Đạt
A78: C.5 | B78: Thông gió cabin (lỗ thông hơi/quạt) | E78: §8.12 | H78: Đạt | I78: ☑ Đạt
A79: C.6 | B79: Tấm ốp cabin, trần cabin hoàn thiện đúng mẫu duyệt | E79: Hồ sơ thiết kế | H79: Đạt | I79: ☑ Đạt
A80: D. CỬA TẦNG & CỬA CABIN (TCVN 6396-20:2017 §11)
A81: D.1 | B81: Chiều rộng và chiều cao cửa tầng đúng thiết kế | E81: §11.2.1 | H81: Đạt | I81: ☑ Đạt
A82: D.2 | B82: Ngưỡng cửa tầng nằm ngang, khoảng cách với ngưỡng cabin ≤ 35mm | E82: §11.2.5 | H82: Đạt | I82: ☑ Đạt
A83: D.3 | B83: Khóa cửa tầng (interlock): cơ và điện hoạt động đúng | E83: §11.7 | H83: Đạt | I83: ☑ Đạt
A84: D.4 | B84: Cửa cabin đóng đủ trước khi thang chạy (kiểm tra tiếp điểm) | E84: §11.8 | H84: Đạt | I84: ☑ Đạt
A85: D.5 | B85: Cạnh bảo vệ cửa cabin (cảm biến/tấm bảo vệ) | E85: §11.11 | H85: Đạt | I85: ☑ Đạt
A86: E. MÁY KÉO & BỘ ĐIỀU TỐC (TCVN 6396-20:2017 §12, §9)
A87: E.1 | B87: Máy kéo lắp đúng vị trí, bu lông neo đủ lực siết, không rung động lớn | E87: §12.1 | H87: Đạt | I87: ☑ Đạt
A88: E.2 | B88: Puly cabin và puly đổi hướng lắp thẳng hàng, khe hở puly đúng | E88: §12.2 | H88: Đạt | I88: ☑ Đạt
A89: E.3 | B89: Bộ điều tốc (governor) lắp đúng; dây căng, puly điều tốc OK | E89: §9.9 | H89: Đạt | I89: ☑ Đạt
A90: E.4 | B90: Thiết bị bắt cabin khi đứt cáp/tốc độ cao (safety gear) lắp đúng | E90: §9.8 | H90: Đạt | I90: ☑ Đạt
A91: F. CÁP/XÍCH TẢI (TCVN 6396-20:2017 §9)
A92: F.1 | B92: Số lượng cáp/xích ≥ 2; loại, đường kính đúng thiết kế | E92: §9.1, §9.2 | H92: Đạt | I92: ☑ Đạt
A93: F.2 | B93: Đầu nối cáp đúng tiêu chuẩn, đai ốc hãm an toàn | E93: §9.3 | H93: Đạt | I93: ☑ Đạt
A94: F.3 | B94: Không bị xoắn, kẹt, cọ sát vào kết cấu | E94: §9.1.3 | H94: Đạt | I94: ☑ Đạt
A95: G. ĐỐI TRỌNG (TCVN 6396-20:2017 §8.18)
A96: G.1 | B96: Khối lượng đối trọng đúng thiết kế; cố định chống rơi | E96: §8.18.1 | H96: Đạt | I96: ☑ Đạt
A97: G.2 | B97: Khoảng cách đối trọng và kết cấu hố thang ≥ 50mm | E97: §5.2.5 | H97: Đạt | I97: ☑ Đạt
A98: H. HỆ THỐNG ĐIỆN & TỦ ĐIỀU KHIỂN (TCVN 6396-20:2017 §13, §14)
A99: H.1 | B99: Tủ điều khiển lắp đặt tại phòng máy, dễ tiếp cận, nhãn mác đầy đủ | E99: §13.4 | H99: Đạt | I99: ☑ Đạt
A100: H.2 | B100: Nguồn điện chính, aptomat, bảo vệ quá tải/ngắn mạch | E100: §13.1 | H100: Đạt | I100: ☑ Đạt
A101: H.3 | B101: Công tắc tắt điện chính (main switch) tại phòng máy | E101: §13.4.1 | H101: Đạt | I101: ☑ Đạt
A102: H.4 | B102: Cáp điện đi trong ống bảo vệ, đầu nối chắc chắn, tiếp địa đúng | E102: §13.2, §13.3 | H102: Đạt | I102: ☑ Đạt
A103: H.5 | B103: Điều hòa phòng máy Heshan (01 bộ) lắp đúng vị trí, đầy đủ đấu nối | E103: Thiết kế | H103: Đạt | I103: ☑ Đạt
A104: I. THIẾT BỊ AN TOÀN PHÒNG MÁY & HỐ THANG (TCVN 6396-20:2017 §14)
A105: I.1 | B105: Công tắc dừng khẩn cấp tại hố pit, trên nóc cabin | E105: §14.2.2 | H105: Đạt | I105: ☑ Đạt
A106: I.2 | B106: Công tắc hạn chế hành trình trên và dưới (final limit) | E106: §14.1 | H106: Đạt | I106: ☑ Đạt
A107: I.3 | B107: Chuông/điện thoại liên lạc khẩn cấp trong cabin | E107: §8.9 | H107: Đạt | I107: ☑ Đạt
A108: I.4 | B108: Biển cảnh báo, chỉ dẫn vận hành tại phòng máy và cabin | E108: §6.2 | H108: Đạt | I108: ☑ Đạt
A109: J. YÊU CẦU RIÊNG THANG PCCC (TCVN 6396-72:2010)
A110: J.1 | B110: Cabin kích thước tối thiểu 1100×1400mm (chở cáng cứu thương) | E110: §5.4.2 | H110: Đạt | I110: ☑ Đạt
...

Sheet PYC2_DonDongKhongTai
A1: CỘNG HÒA XÃ HỘI CHỦ NGHĨA VIỆT NAM
A2: Độc lập - Tự do - Hạnh phúc
A3: --------o0o--------
A4: ="Hà Nội, "&IF(LEN(DanhMuc!$E$7)=10,"ngày "&LEFT(DanhMuc!$E$7,2)&" tháng "&MID(DanhMuc!$E$7,4,2)&" năm "&RIGHT(DanhMuc!$E$7,4),"ngày …... tháng …... năm 2026")&"."
A5: PHIẾU YÊU CẦU NGHIỆM THU
A6: =UPPER(SUBSTITUTE(DanhMuc!$C$7,"Phiếu yêu cầu nghiệm thu ",""))
A7: ="SỐ: "&DanhMuc!$D$7
A8: ="Dự án : "&DuAn
A9: ="Gói thầu : "&GoiThau
A10: ="Hạng mục : "&HangMuc
A11: ="Địa điểm : "&DiaDiem
A12: ="Bên A (Bên Mua) : "&BenA_Ten&" - "&BenA_DiaChi
A13: ="Bên B (Bên Bán) : "&BenB_Ten&" - "&BenB_DiaChi
A14: Đối tượng yêu cầu nghiệm thu:
A15: Thang máy P3 và các thiết bị, phụ kiện đi kèm
A16: ="Hợp đồng mua bán số "&SoHD&" ký ngày "&NgayHD&" và "&"Phụ lục Hợp đồng số "&SoPL&" ký ngày "&NgayPL&"."
A17: ="Biên bản phê duyệt vật liệu, sản phẩm xây dựng/Biên bản phê duyệt thiết bị số: 1/TM/BBNTVL-TB/"&MaDA&" ngày "&NgayBBVT&"."
A18: Khối lượng đề nghị nghiệm thu:
A19: TT | B19: Loại vật liệu, sản phẩm | D19: Số lượng | E19: Quy cách | F19: Chủng loại | H19: Giấy xuất xưởng, số lô (CO, CQ) | J19: Nhà sản xuất
A20: 1 | B20: Thang máy P3 và các thiết bị, phụ kiện đi kèm | D20: 1 | E20: Bộ | F20: Thang máy chở khách, PCCC, có Phòng máy | H20: =COCQ | J20: =NhaSX
A21: Đại diện Bên B (Bên Bán):
A22: ="Ông: "&BenB_PL&" Chức vụ: "&BenB_PL_CV&" Chữ ký: ….........................."
A23: Sau khi kiểm tra hồ sơ và quy trình lắp đặt, chạy thử; đối chiếu với bản vẽ thiết kế và các tiêu chuẩn được áp dụng; đối chiếu Hợp đồng, hồ sơ thiết kế, chỉ dẫn kỹ thuật và các quy chuẩn, tiêu chuẩn được áp dụng, chúng tôi đã hoàn thành nghiệm thu nội bộ và khẳng định rằng: Chất lượng Công việc chạy thử đảm bảo các yêu cầu kỹ thuật và đủ điều kiện nghiệm thu.
A24: ="Đề nghị Bên A (Bên Mua) - "&BenA_Ten&" tổ chức nghiệm thu:"
A25: ="Thời gian nghiệm thu: "&IF(DanhMuc!$F$7="","10h00",DanhMuc!$F$7)&" "&IF(LEN(DanhMuc!$H$7)=10,"Ngày "&LEFT(DanhMuc!$H$7,2)&" Tháng "&MID(DanhMuc!$H$7,4,2)&" Năm "&RIGHT(DanhMuc!$H$7,4),"Ngày …. Tháng …... Năm ….....")
A26: Tài liệu kèm theo:
A27: - Biên bản giao hàng;
A28: - Chứng chỉ chất lượng sản phẩm;
A29: - Kết quả thí nghiệm vật liệu;
A30: ="- Dự thảo Biên bản nghiệm thu chạy thử đơn động không tải số "&DanhMuc!$D$8&" kèm Bảng kiểm tra (Checklist)."
A31: ="ĐẠI DIỆN BÊN A ("&UPPER(BenA_Ten)&")" | D31: Đã nhận Phiếu yêu cầu lúc 10h20 Ngày …. Tháng …... Năm …..... | H31: Người nhận

Sheet BB2_DonDongKhongTai
A2: CỘNG HÒA XÃ HỘI CHỦ NGHĨA VIỆT NAM
A3: Độc lập - Tự do - Hạnh phúc
A4: --------o0o--------
A5: ="Hà Nội, "&IF(LEN(DanhMuc!$E$8)=10,"ngày "&LEFT(DanhMuc!$E$8,2)&" tháng "&MID(DanhMuc!$E$8,4,2)&" năm "&RIGHT(DanhMuc!$E$8,4),"ngày …... tháng …... năm 2026")
A6: =UPPER(DanhMuc!$C$8)
A7: THANG MÁY P3
A8: ="SỐ: "&DanhMuc!$D$8
A9: ="Dự án: "&DuAn
A10: ="Gói thầu: "&GoiThau
A11: ="Hạng mục: "&HangMuc
A12: ="Địa điểm: "&DiaDiem
A13: 1. Đối tượng nghiệm thu:
A14: Thang máy P3 (thang máy chở người/PCCC có phòng máy, Schindler) - Chạy thử đơn động không tải.
A15: 2. Thành phần nghiệm thu:
A16: ="- Đại diện Bên A (Bên Mua): "&BenA_Ten
A17: =" Ông/Bà: "&IF(BenA_NT1="","…......................................",BenA_NT1)&" Chức vụ: "&IF(BenA_NT1_CV="","…....................",BenA_NT1_CV)
A18: =" Ông/Bà: "&IF(BenA_NT2="","…......................................",BenA_NT2)&" Chức vụ: "&IF(BenA_NT2_CV="","…....................",BenA_NT2_CV)
A19: ="- Đại diện Bên B (Bên Bán): "&BenB_Ten
A20: =" Ông/Bà: "&IF(BenB_NT1="","…......................................",BenB_NT1)&" Chức vụ: "&IF(BenB_NT1_CV="","…....................",BenB_NT1_CV)
A21: =" Ông/Bà: "&IF(BenB_NT2="","…......................................",BenB_NT2)&" Chức vụ: "&IF(BenB_NT2_CV="","…....................",BenB_NT2_CV)
A22: 3. Thời gian và địa điểm nghiệm thu:
A23: ="- Bắt đầu: "&IF(DanhMuc!$F$8="","…....... giờ …....... phút",DanhMuc!$F$8)&", "&IF(LEN(DanhMuc!$H$8)=10,"ngày "&LEFT(DanhMuc!$H$8,2)&" tháng "&MID(DanhMuc!$H$8,4,2)&" năm "&RIGHT(DanhMuc!$H$8,4),"ngày …....... tháng …....... năm 2026")
A24: ="- Kết thúc: "&IF(DanhMuc!$G$8="","…....... giờ …....... phút",DanhMuc!$G$8)&", "&IF(LEN(DanhMuc!$H$8)=10,"ngày "&LEFT(DanhMuc!$H$8,2)&" tháng "&MID(DanhMuc!$H$8,4,2)&" năm "&RIGHT(DanhMuc!$H$8,4),"ngày …....... tháng …....... năm 2026")
A25: - Tại: Công trường Tòa nhà Trung tâm Điều hành, Khu Trung tâm ĐHQG Hà Nội, xã Hòa Lạc, Hà Nội
A26: 4. Căn cứ nghiệm thu:
A27: a) Tài liệu pháp lý và hợp đồng:
A28: ="- Hợp đồng mua bán số "&SoHD&" ký ngày "&NgayHD&" giữa "&BenA_Ten&" (Bên A) và "&BenB_Ten&" (Bên B)."
A29: ="- "&"Phụ lục Hợp đồng số "&SoPL&" ký ngày "&NgayPL&" của Hợp đồng số "&SoHD&"."
A30: - Hồ sơ thiết kế, bản vẽ thi công thang máy được hai Bên phê duyệt.
A31: ="- Biên bản nghiệm thu vật tư thiết bị số: 1/TM/BBNTVL-TB/"&MaDA&" ngày "&NgayBBVT&"."
A32: ="- Biên bản nghiệm thu lắp đặt tĩnh số: "&DanhMuc!$D$6
A33: b) Quy chuẩn, tiêu chuẩn áp dụng:
A34: - Nghị định 06/2021/NĐ-CP: Quản lý chất lượng và bảo trì công trình xây dựng;
A35: - Thông tư 10/2021/TT-BXD hướng dẫn thi hành Nghị định 06/2021/NĐ-CP;
A36: - QCVN 02:2019/BLĐTBXH: Quy chuẩn kỹ thuật quốc gia về an toàn lao động đối với thang máy;
A37: - TCVN 6396-20:2017 (EN 81-20:2014): Yêu cầu an toàn về cấu tạo và lắp đặt thang máy chở người;
A38: - TCVN 6396-72:2010 (EN 81-72:2003): Thang máy chữa cháy - yêu cầu an toàn;
A39: - Và các tiêu chuẩn liên quan khác.
A40: c) Tài liệu kỹ thuật:
A41: - Nhật ký thi công, nhật ký giám sát và các văn bản liên quan đến đối tượng nghiệm thu.
A42: - Catalogue kỹ thuật và chứng chỉ chất lượng của nhà sản xuất Schindler.
A43: 5. Nội dung chạy thử đơn động không tải:
A44: Vận hành thang máy P3 riêng lẻ không tải: kiểm tra hành trình, dừng tầng, thiết bị an toàn, chế độ PCCC Phase 1 & Phase 2. Kết quả chi tiết xem Phụ lục Checklist.
... A51: ☐ Không đồng ý nghiệm thu (lý do: ….................................................................)
A53: ="ĐẠI DIỆN BÊN A "&UPPER(BenA_Ten)&" (Ký, ghi rõ họ tên) …..............................." | F53: ="ĐẠI DIỆN BÊN B "&UPPER(BenB_Ten)&" (Ký, ghi rõ họ tên) …..............................."
A56: PHỤ LỤC
A57: BẢNG KIỂM TRA (CHECKLIST) - CHẠY THỬ ĐƠN ĐỘNG KHÔNG TẢI
A58: ="Kèm theo: "&DanhMuc!$D$8
A59: Thang máy: P3 - Thang máy chở người/PCCC có phòng máy (Schindler)
A60: Căn cứ: TCVN 6396-20:2017 (EN 81-20:2014) & TCVN 6396-72:2010 (EN 81-72:2003)
A61: STT | B61: Nội dung kiểm tra | E61: Yêu cầu kỹ thuật / Tham chiếu | H61: Kết quả thực tế | I61: Đánh giá | J61: Ghi chú
A62: A. KIỂM TRA TRƯỚC KHI CHẠY (Safety pre-run checks)
A63: A.1 | B63: Xác nhận hoàn thành nghiệm thu lắp đặt tĩnh | E63: BB số 1/TM/BBNLT/... | H63: Đạt | I63: ☑ Đạt
A64: A.2 | B64: Kiểm tra cabin trống, không có vật cản trong hố thang | E64: Kiểm tra trực quan | H64: Đạt | I64: ☑ Đạt
A65: A.3 | B65: Tất cả cửa tầng đóng, khóa trước khi cấp điện | E65: TCVN 6396-20:2017 §11.7 | H65: Đạt | I65: ☑ Đạt
A66: A.4 | B66: Nguồn điện chính ổn định, điện áp đúng ±5% | E66: §13.1.1 | H66: Đạt | I66: ☑ Đạt
A67: B. HÀNH TRÌNH VẬN HÀNH (TCVN 6396-20:2017)
A68: B.1 | B68: Thang chạy lên/xuống đầy đủ từ tầng thấp nhất đến cao nhất | E68: §12.1 | H68: Đạt | I68: ☑ Đạt
A69: B.2 | B69: Thang dừng đúng tầng, độ lệch sàn ≤ ±10mm khi không tải | E69: §5.7.2 | H69: Đạt | I69: ☑ Đạt
A70: B.3 | B70: Mở cửa tầng và cửa cabin đúng tầng, đồng bộ | E70: §11.3 | H70: Đạt | I70: ☑ Đạt
A71: B.4 | B71: Thời gian mở cửa ≥ 2 giây (đủ để người ra/vào) | E71: §11.3.3 | H71: Đạt | I71: ☑ Đạt
A72: B.5 | B72: Đèn, nút bấm tầng, chỉ thị tầng hoạt động đúng | E72: §8.10 | H72: Đạt | I72: ☑ Đạt
A73: C. THIẾT BỊ AN TOÀN (TCVN 6396-20:2017 §14)
A74: C.1 | B74: Công tắc hạn chế hành trình trên tác động đúng vị trí | E74: §14.1 | H74: Đạt | I74: ☑ Đạt
A75: C.2 | B75: Công tắc hạn chế hành trình dưới tác động đúng vị trí | E75: §14.1 | H75: Đạt | I75: ☑ Đạt
A76: C.3 | B76: Thử công tắc cửa tầng: mở cửa 1 tầng → thang không chạy | E76: §11.7 | H76: Đạt | I76: ☑ Đạt
A77: C.4 | B77: Thử công tắc dừng khẩn cấp (E-Stop) nóc cabin hoạt động | E77: §14.2.2 | H77: Đạt | I77: ☑ Đạt
A78: C.5 | B78: Thử công tắc dừng khẩn cấp tại pit hoạt động | E78: §14.2.2 | H78: Đạt | I78: ☑ Đạt
A79: C.6 | B79: Phanh điện từ (electromagnetic brake) nhả/đóng đúng chu kỳ | E79: §12.4 | H79: Đạt | I79: ☑ Đạt
A80: D. CHẤT LƯỢNG VẬN HÀNH
A81: D.1 | B81: Độ êm khi khởi động và phanh (gia tốc ≤ 1 m/s²) | E81: §8.1, EN 81-20 §5.12 | H81: Đạt | I81: ☑ Đạt
A82: D.2 | B82: Tiếng ồn vận hành ≤ 55 dB(A) trong cabin | E82: EN 81-20 §5.12 | H82: Đạt | I82: ☑ Đạt
A83: D.3 | B83: Không có rung, giật bất thường trong hành trình | E83: Kiểm tra cảm quan | H83: Đạt | I83: ☑ Đạt
A84: D.4 | B84: Tốc độ vận hành đạt ±5% tốc độ định mức | E84: §12.1 | H84: Đạt | I84: ☑ Đạt
A85: E. HỆ THỐNG PCCC (TCVN 6396-72:2010)
A86: E.1 | B86: Kích hoạt thử chế độ Phase 1 (tự động về tầng cứu hỏa) | E86: §5.7.2 | H86: Đạt | I86: ☑ Đạt
A87: E.2 | B87: Kích hoạt thử chế độ Phase 2 (điều khiển từ trong cabin) | E87: §5.7.3 | H87: Đạt | I87: ☑ Đạt
A88: E.3 | B88: Đèn tín hiệu PCCC sáng đúng khi kích hoạt | E88: §5.8 | H88: Đạt | I88: ☑ Đạt
A89: E.4 | B89: Thang không đáp ứng lệnh gọi tầng thông thường khi PCCC active | E89: §5.7.2 | H89: Đạt | I89: ☑ Đạt
A90: F. THÔNG TIN LIÊN LẠC & PHỤ TRỢ
A91: F.1 | B91: Chuông báo động trong cabin hoạt động | E91: §8.9 | H91: Đạt | I91: ☑ Đạt
A92: F.2 | B92: Điện thoại/intercom khẩn cấp kết nối được với bộ phận quản lý | E92: §8.9 | H92: Đạt | I92: ☑ Đạt
A93: F.3 | B93: Đèn chiếu sáng cabin bật tự động khi có người | E93: §8.10 | H93: Đạt | I93: ☑ Đạt
A95: Ghi chú đánh giá: ☑ Đạt | ☐ Không đạt | N/A: Không áp dụng
A96: Người kiểm tra (Bên A): …................................. Ngày: ….............
A97: Người kiểm tra (Bên B): …................................. Ngày: …..............
A99: ="ĐẠI DIỆN BÊN A "&UPPER(BenA_Ten)&" (Ký, ghi rõ họ tên) …..............................." | F99: ="ĐẠI DIỆN BÊN B "&UPPER(BenB_Ten)&" (Ký, ghi rõ họ tên) …..............................."

Sheet PYC3_DonDongCoTai
A1: CỘNG HÒA XÃ HỘI CHỦ NGHĨA VIỆT NAM
A2: Độc lập - Tự do - Hạnh phúc
A3: --------o0o--------
A4: ="Hà Nội, "&IF(LEN(DanhMuc!$E$9)=10,"ngày "&LEFT(DanhMuc!$E$9,2)&" tháng "&MID(DanhMuc!$E$9,4,2)&" năm "&RIGHT(DanhMuc!$E$9,4),"ngày …... tháng …... năm 2026")&"."
A5: PHIẾU YÊU CẦU NGHIỆM THU
A6: =UPPER(SUBSTITUTE(DanhMuc!$C$9,"Phiếu yêu cầu nghiệm thu ",""))
A7: ="SỐ: "&DanhMuc!$D$9
A8: ="Dự án : "&DuAn
A9: ="Gói thầu : "&GoiThau
A10: ="Hạng mục : "&HangMuc
A11: ="Địa điểm : "&DiaDiem
A12: ="Bên A (Bên Mua) : "&BenA_Ten&" - "&BenA_DiaChi
A13: ="Bên B (Bên Bán) : "&BenB_Ten&" - "&BenB_DiaChi
A14: Đối tượng yêu cầu nghiệm thu:
A15: Thang máy P3 và các thiết bị, phụ kiện đi kèm
A16: ="Hợp đồng mua bán số "&SoHD&" ký ngày "&NgayHD&" và "&"Phụ lục Hợp đồng số "&SoPL&" ký ngày "&NgayPL&"."
A17: ="Biên bản phê duyệt vật liệu, sản phẩm xây dựng/Biên bản phê duyệt thiết bị số: 1/TM/BBNTVL-TB/"&MaDA&" ngày "&NgayBBVT&"."
A18: Khối lượng đề nghị nghiệm thu:
A19: TT | B19: Loại vật liệu, sản phẩm | D19: Số lượng | E19: Quy cách | F19: Chủng loại | H19: Giấy xuất xưởng, số lô (CO, CQ) | J19: Nhà sản xuất
A20: 1 | B20: Thang máy P3 và các thiết bị, phụ kiện đi kèm | D20: 1 | E20: Bộ | F20: Thang máy chở khách, PCCC, có Phòng máy | H20: =COCQ | J20: =NhaSX
A21: Đại diện Bên B (Bên Bán):
A22: ="Ông: "&BenB_PL&" Chức vụ: "&BenB_PL_CV&" Chữ ký: ….........................."
A23: Sau khi kiểm tra hồ sơ và quy trình lắp đặt, chạy thử; đối chiếu với bản vẽ thiết kế và các tiêu chuẩn được áp dụng; đối chiếu Hợp đồng, hồ sơ thiết kế, chỉ dẫn kỹ thuật và các quy chuẩn, tiêu chuẩn được áp dụng, chúng tôi đã hoàn thành nghiệm thu nội bộ và khẳng định rằng: Chất lượng Công việc chạy thử đảm bảo các yêu cầu kỹ thuật và đủ điều kiện nghiệm thu.
A24: ="Đề nghị Bên A (Bên Mua) - "&BenA_Ten&" tổ chức nghiệm thu:"
A25: ="Thời gian nghiệm thu: "&IF(DanhMuc!$F$9="","10h00",DanhMuc!$F$9)&" "&IF(LEN(DanhMuc!$H$9)=10,"Ngày "&LEFT(DanhMuc!$H$9,2)&" Tháng "&MID(DanhMuc!$H$9,4,2)&" Năm "&RIGHT(DanhMuc!$H$9,4),"Ngày …. Tháng …... Năm ….....")
A26: Tài liệu kèm theo:
A27: - Biên bản giao hàng;
A28: - Chứng chỉ chất lượng sản phẩm;
A29: - Kết quả thí nghiệm vật liệu;
A30: ="- Dự thảo Biên bản nghiệm thu chạy thử đơn động có tải số "&DanhMuc!$D$10&" kèm Bảng kiểm tra (Checklist)."
A31: ="ĐẠI DIỆN BÊN A ("&UPPER(BenA_Ten)&")" | D31: Đã nhận Phiếu yêu cầu lúc 10h20 Ngày …. Tháng …... Năm …..... | H31: Người nhận

Sheet BB3_DonDongCoTai
A2: CỘNG HÒA XÃ HỘI CHỦ NGHĨA VIỆT NAM
A3: Độc lập - Tự do - Hạnh phúc
A4: --------o0o--------
A5: ="Hà Nội, "&IF(LEN(DanhMuc!$E$10)=10,"ngày "&LEFT(DanhMuc!$E$10,2)&" tháng "&MID(DanhMuc!$E$10,4,2)&" năm "&RIGHT(DanhMuc!$E$10,4),"ngày …... tháng …... năm 2026")
A6: =UPPER(DanhMuc!$C$10)
A7: THANG MÁY P3
A8: ="SỐ: "&DanhMuc!$D$10
A9: ="Dự án: "&DuAn
A10: ="Gói thầu: "&GoiThau
A11: ="Hạng mục: "&HangMuc
A12: ="Địa điểm: "&DiaDiem
A13: 1. Đối tượng nghiệm thu:
A14: Thang máy P3 (thang máy chở người/PCCC có phòng máy, Schindler) - Chạy thử đơn động có tải (25%, 50%, 75%, 100%, 110% tải định mức).
A15: 2. Thành phần nghiệm thu:
A16: ="- Đại diện Bên A (Bên Mua): "&BenA_Ten
A17: =" Ông/Bà: "&IF(BenA_NT1="","…......................................",BenA_NT1)&" Chức vụ: "&IF(BenA_NT1_CV="","…....................",BenA_NT1_CV)
A18: =" Ông/Bà: "&IF(BenA_NT2="","…......................................",BenA_NT2)&" Chức vụ: "&IF(BenA_NT2_CV="","…....................",BenA_NT2_CV)
A19: ="- Đại diện Bên B (Bên Bán): "&BenB_Ten
A20: =" Ông/Bà: "&IF(BenB_NT1="","…......................................",BenB_NT1)&" Chức vụ: "&IF(BenB_NT1_CV="","…....................",BenB_NT1_CV)
A21: =" Ông/Bà: "&IF(BenB_NT2="","…......................................",BenB_NT2)&" Chức vụ: "&IF(BenB_NT2_CV="","…....................",BenB_NT2_CV)
A22: 3. Thời gian và địa điểm nghiệm thu:
A23: ="- Bắt đầu: "&IF(DanhMuc!$F$10="","…....... giờ …....... phút",DanhMuc!$F$10)&", "&IF(LEN(DanhMuc!$H$10)=10,"ngày "&LEFT(DanhMuc!$H$10,2)&" tháng "&MID(DanhMuc!$H$10,4,2)&" năm "&RIGHT(DanhMuc!$H$10,4),"ngày …....... tháng …....... năm 2026")
A24: ="- Kết thúc: "&IF(DanhMuc!$G$10="","…....... giờ …....... phút",DanhMuc!$G$10)&", "&IF(LEN(DanhMuc!$H$10)=10,"ngày "&LEFT(DanhMuc!$H$10,2)&" tháng "&MID(DanhMuc!$H$10,4,2)&" năm "&RIGHT(DanhMuc!$H$10,4),"ngày …....... tháng …....... năm 2026")
A25: - Tại: Công trường Tòa nhà Trung tâm Điều hành, Khu Trung tâm ĐHQG Hà Nội, xã Hòa Lạc, Hà Nội
A26: 4. Căn cứ nghiệm thu:
A27: a) Tài liệu pháp lý và hợp đồng:
A28: ="- Hợp đồng mua bán số "&SoHD&" ký ngày "&NgayHD&" giữa "&BenA_Ten&" (Bên A) và "&BenB_Ten&" (Bên B)."
A29: ="- "&"Phụ lục Hợp đồng số "&SoPL&" ký ngày "&NgayPL&" của Hợp đồng số "&SoHD&"."
A30: - Hồ sơ thiết kế, bản vẽ thi công thang máy được hai Bên phê duyệt.
A31: ="- Biên bản nghiệm thu vật tư thiết bị số: 1/TM/BBNTVL-TB/"&MaDA&" ngày "&NgayBBVT&"."
A32: ="- Biên bản nghiệm thu đơn động không tải số: "&DanhMuc!$D$8
A33: b) Quy chuẩn, tiêu chuẩn áp dụng:
A34: - Nghị định 06/2021/NĐ-CP: Quản lý chất lượng và bảo trì công trình xây dựng;
A35: - Thông tư 10/2021/TT-BXD hướng dẫn thi hành Nghị định 06/2021/NĐ-CP;
A36: - QCVN 02:2019/BLĐTBXH: Quy chuẩn kỹ thuật quốc gia về an toàn lao động đối với thang máy;
A37: - TCVN 6396-20:2017 (EN 81-20:2014): Yêu cầu an toàn về cấu tạo và lắp đặt thang máy chở người;
A38: - TCVN 6396-72:2010 (EN 81-72:2003): Thang máy chữa cháy - yêu cầu an toàn;
A39: - Và các tiêu chuẩn liên quan khác.
A40: c) Tài liệu kỹ thuật:
A41: - Nhật ký thi công, nhật ký giám sát và các văn bản liên quan đến đối tượng nghiệm thu.
A42: - Catalogue kỹ thuật và chứng chỉ chất lượng của nhà sản xuất Schindler.
A43: 5. Nội dung chạy thử đơn động có tải:
A44: Vận hành thang máy P3 có tải theo từng mức: kiểm tra phanh an toàn, bộ giảm chấn, thiết bị bảo vệ quá tải, thử nghiệm PCCC có tải. Kết quả chi tiết xem Phụ lục Checklist.
... A51: ☐ Không đồng ý nghiệm thu (lý do: ….................................................................)
A53: ="ĐẠI DIỆN BÊN A "&UPPER(BenA_Ten)&" (Ký, ghi rõ họ tên) …..............................." | F53: ="ĐẠI DIỆN BÊN B "&UPPER(BenB_Ten)&" (Ký, ghi rõ họ tên) …..............................."
A56: PHỤ LỤC
A57: BẢNG KIỂM TRA (CHECKLIST) - CHẠY THỬ ĐƠN ĐỘNG CÓ TẢI
A58: ="Kèm theo: "&DanhMuc!$D$10
A59: Thang máy: P3 - Thang máy chở người/PCCC có phòng máy (Schindler)
A60: Căn cứ: TCVN 6396-20:2017 (EN 81-20:2014) & TCVN 6396-72:2010 (EN 81-72:2003)
A61: STT | B61: Nội dung kiểm tra | E61: Yêu cầu kỹ thuật / Tham chiếu | H61: Kết quả thực tế | I61: Đánh giá | J61: Ghi chú
A62: A. CHUẨN BỊ THỬ TẢI
A63: A.1 | B63: Xác nhận hoàn thành thử nghiệm đơn động không tải | E63: BB số 2/TM/BBNCTDDKT/... | H63: Đạt | I63: ☑ Đạt
A64: A.2 | B64: Khối lượng tải thử được chuẩn bị, có chứng nhận cân kiểm định | E64: QCVN 02:2019 | H64: Đạt | I64: ☑ Đạt
A65: A.3 | B65: Tải thử 25%, 50%, 75%, 100%, 110% tải định mức được chuẩn bị đầy đủ | E65: TCVN 6396-20:2017 §8.3 | H65: Đạt | I65: ☑ Đạt
A66: B. THỬ TẢI VẬN HÀNH (TCVN 6396-20:2017 §8)
A67: B.1 | B67: Vận hành với 25% tải: hành trình đầy đủ, dừng tầng đúng | E67: §8.3 | H67: Đạt | I67: ☑ Đạt
A68: B.2 | B68: Vận hành với 50% tải: hành trình đầy đủ, dừng tầng đúng | E68: §8.3 | H68: Đạt | I68: ☑ Đạt
A69: B.3 | B69: Vận hành với 75% tải: hành trình đầy đủ, dừng tầng đúng | E69: §8.3 | H69: Đạt | I69: ☑ Đạt
A70: B.4 | B70: Vận hành với 100% tải: hành trình đầy đủ, dừng tầng đúng | E70: §8.3 | H70: Đạt | I70: ☑ Đạt
A71: B.5 | B71: Vận hành với 110% tải: kiểm tra quá tải (overload) | E71: §8.3.3 | H71: Đạt | I71: ☑ Đạt
A72: B.6 | B72: Độ lệch dừng tầng ≤ ±10mm ở tất cả mức tải | E72: §5.7.2 | H72: Đạt | I72: ☑ Đạt
A73: C. THỬ NGHIỆM THIẾT BỊ AN TOÀN CÓ TẢI
A74: C.1 | B74: Thử phanh an toàn (safety gear) với 100% tải ở tốc độ định mức - cabin phải dừng trong 50mm | E74: TCVN 6396-20:2017 §9.8.3 | H74: Đạt | I74: ☑ Đạt
A75: C.2 | B75: Thử nghiệm bộ giảm chấn cabin (buffer) với 100% tải | E75: §10.4 | H75: Đạt | I75: ☑ Đạt
A76: C.3 | B76: Thử nghiệm bộ giảm chấn đối trọng với 100% tải | E76: §10.4 | H76: Đạt | I76: ☑ Đạt
A77: C.4 | B77: Thiết bị bảo vệ quá tải (110%): thang không chạy, báo tín hiệu quá tải | E77: §8.3.3 | H77: Đạt | I77: ☑ Đạt
A78: C.5 | B78: Phanh điện từ giữ cabin không trượt khi tắt điện đột ngột (100% tải) | E78: §12.4.2 | H78: Đạt | I78: ☑ Đạt
A79: D. KIỂM TRA CHẤT LƯỢNG VẬN HÀNH CÓ TẢI
A80: D.1 | B80: Nhiệt độ máy kéo sau 2 giờ vận hành liên tục có tải ≤ 80°C | E80: §12.1 | H80: Đạt | I80: ☑ Đạt
A81: D.2 | B81: Tiếng ồn trong cabin ≤ 55 dB(A) khi có tải đầy | E81: EN 81-20 §5.12 | H81: Đạt | I81: ☑ Đạt
A82: D.3 | B82: Không có trượt cáp trên puly kéo | E82: §9.3 | H82: Đạt | I82: ☑ Đạt
A83: D.4 | B83: Độ êm vận hành (gia tốc/giật) trong giới hạn cho phép | E83: §5.12 | H83: Đạt | I83: ☑ Đạt
A84: E. THỬ NGHIỆM PCCC CÓ TẢI (TCVN 6396-72:2010)
A85: E.1 | B85: Kích hoạt PCCC Phase 1 khi đang có tải: thang tự về tầng chỉ định | E85: §5.7.2 | H85: Đạt | I85: ☑ Đạt
A86: E.2 | B86: Kích hoạt PCCC Phase 2 (100% tải): thang phản hồi lệnh trong cabin | E86: §5.7.3 | H86: Đạt | I86: ☑ Đạt
A87: E.3 | B87: Cửa cabin mở/đóng theo lệnh thủ công từ bảng Phase 2 | E87: §5.7.3 | H87: Đạt | I87: ☑ Đạt
A88: E.4 | B88: Thử nguồn điện PCCC dự phòng (chuyển từ lưới sang máy phát/UPS): thang tiếp tục vận hành | E88: §5.9.2 | H88: Đạt | I88: ☑ Đạt
A89: F. KIỂM TRA KẾT CẤU SAU THỬ TẢI
A90: F.1 | B90: Không có biến dạng ray dẫn hướng sau thử tải | E90: §10.1 | H90: Đạt | I90: ☑ Đạt
A91: F.2 | B91: Không có nứt, biến dạng khung cabin, giá đỡ | E91: §8.1 | H91: Đạt | I91: ☑ Đạt
A92: F.3 | B92: Bu lông liên kết đà thép ngăn hố không bị nới lỏng | E92: TCVN 170:2007 | H92: Đạt | I92: ☑ Đạt
A93: F.4 | B93: Cáp không bị giãn bất thường, mối nối đầu cáp an toàn | E93: §9.3 | H93: Đạt | I93: ☑ Đạt
A95: Ghi chú đánh giá: ☑ Đạt | ☐ Không đạt | N/A: Không áp dụng
A96: Người kiểm tra (Bên A): …................................. Ngày: ….............
A97: Người kiểm tra (Bên B): …................................. Ngày: …..............
A99: ="ĐẠI DIỆN BÊN A "&UPPER(BenA_Ten)&" (Ký, ghi rõ họ tên) …..............................." | F99: ="ĐẠI DIỆN BÊN B "&UPPER(BenB_Ten)&" (Ký, ghi rõ họ tên) …..............................."

Sheet PYC4_LienDongKhongTai
A1: CỘNG HÒA XÃ HỘI CHỦ NGHĨA VIỆT NAM
A2: Độc lập - Tự do - Hạnh phúc
A3: --------o0o--------
A4: ="Hà Nội, "&IF(LEN(DanhMuc!$E$11)=10,"ngày "&LEFT(DanhMuc!$E$11,2)&" tháng "&MID(DanhMuc!$E$11,4,2)&" năm "&RIGHT(DanhMuc!$E$11,4),"ngày …... tháng …... năm 2026")&"."
A5: PHIẾU YÊU CẦU NGHIỆM THU
A6: =UPPER(SUBSTITUTE(DanhMuc!$C$11,"Phiếu yêu cầu nghiệm thu ",""))
A7: ="SỐ: "&DanhMuc!$D$11
A8: ="Dự án : "&DuAn
A9: ="Gói thầu : "&GoiThau
A10: ="Hạng mục : "&HangMuc
A11: ="Địa điểm : "&DiaDiem
A12: ="Bên A (Bên Mua) : "&BenA_Ten&" - "&BenA_DiaChi
A13: ="Bên B (Bên Bán) : "&BenB_Ten&" - "&BenB_DiaChi
A14: Đối tượng yêu cầu nghiệm thu:
A15: Thang máy P3 và các thiết bị, phụ kiện đi kèm
A16: ="Hợp đồng mua bán số "&SoHD&" ký ngày "&NgayHD&" và "&"Phụ lục Hợp đồng số "&SoPL&" ký ngày "&NgayPL&"."
A17: ="Biên bản phê duyệt vật liệu, sản phẩm xây dựng/Biên bản phê duyệt thiết bị số: 1/TM/BBNTVL-TB/"&MaDA&" ngày "&NgayBBVT&"."
A18: Khối lượng đề nghị nghiệm thu:
A19: TT | B19: Loại vật liệu, sản phẩm | D19: Số lượng | E19: Quy cách | F19: Chủng loại | H19: Giấy xuất xưởng, số lô (CO, CQ) | J19: Nhà sản xuất
A20: 1 | B20: Thang máy P3 và các thiết bị, phụ kiện đi kèm | D20: 1 | E20: Bộ | F20: Thang máy chở khách, PCCC, có Phòng máy | H20: =COCQ | J20: =NhaSX
A21: Đại diện Bên B (Bên Bán):
A22: ="Ông: "&BenB_PL&" Chức vụ: "&BenB_PL_CV&" Chữ ký: ….........................."
A23: Sau khi kiểm tra hồ sơ và quy trình lắp đặt, chạy thử; đối chiếu với bản vẽ thiết kế và các tiêu chuẩn được áp dụng; đối chiếu Hợp đồng, hồ sơ thiết kế, chỉ dẫn kỹ thuật và các quy chuẩn, tiêu chuẩn được áp dụng, chúng tôi đã hoàn thành nghiệm thu nội bộ và khẳng định rằng: Chất lượng Công việc chạy thử đảm bảo các yêu cầu kỹ thuật và đủ điều kiện nghiệm thu.
A24: ="Đề nghị Bên A (Bên Mua) - "&BenA_Ten&" tổ chức nghiệm thu:"
A25: ="Thời gian nghiệm thu: "&IF(DanhMuc!$F$11="","10h00",DanhMuc!$F$11)&" "&IF(LEN(DanhMuc!$H$11)=10,"Ngày "&LEFT(DanhMuc!$H$11,2)&" Tháng "&MID(DanhMuc!$H$11,4,2)&" Năm "&RIGHT(DanhMuc!$H$11,4),"Ngày …. Tháng …... Năm ….....")
A26: Tài liệu kèm theo:
A27: - Biên bản giao hàng;
A28: - Chứng chỉ chất lượng sản phẩm;
A29: - Kết quả thí nghiệm vật liệu;
A30: ="- Dự thảo Biên bản nghiệm thu chạy thử liên động không tải số "&DanhMuc!$D$12&" kèm Bảng kiểm tra (Checklist)."
A31: ="ĐẠI DIỆN BÊN A ("&UPPER(BenA_Ten)&")" | D31: Đã nhận Phiếu yêu cầu lúc 10h20 Ngày …. Tháng …... Năm …..... | H31: Người nhận

Sheet BB4_LienDongKhongTai
A2: CỘNG HÒA XÃ HỘI CHỦ NGHĨA VIỆT NAM
A3: Độc lập - Tự do - Hạnh phúc
A4: --------o0o--------
A5: ="Hà Nội, "&IF(LEN(DanhMuc!$E$12)=10,"ngày "&LEFT(DanhMuc!$E$12,2)&" tháng "&MID(DanhMuc!$E$12,4,2)&" năm "&RIGHT(DanhMuc!$E$12,4),"ngày …... tháng …... năm 2026")
A6: =UPPER(DanhMuc!$C$12)
A7: ="SỐ: "&DanhMuc!$D$12
A8: ="Dự án: "&DuAn
A9: ="Gói thầu: "&GoiThau
A10: ="Hạng mục: "&HangMuc
A11: ="Địa điểm: "&DiaDiem
A12: 1. Đối tượng nghiệm thu:
A13: Thang máy P3 (thang máy chở người/PCCC có phòng máy, Schindler) - Chạy thử liên động không tải với các hệ thống liên quan của tòa nhà (báo cháy/PCCC, BMS, nguồn điện, liên lạc khẩn cấp).
A14: 2. Thành phần nghiệm thu:
A15: ="- Đại diện Bên A (Bên Mua): "&BenA_Ten
A16: =" Ông/Bà: "&IF(BenA_NT1="","…......................................",BenA_NT1)&" Chức vụ: "&IF(BenA_NT1_CV="","…....................",BenA_NT1_CV)
A17: =" Ông/Bà: "&IF(BenA_NT2="","…......................................",BenA_NT2)&" Chức vụ: "&IF(BenA_NT2_CV="","…....................",BenA_NT2_CV)
A18: ="- Đại diện Bên B (Bên Bán): "&BenB_Ten
A19: =" Ông/Bà: "&IF(BenB_NT1="","…......................................",BenB_NT1)&" Chức vụ: "&IF(BenB_NT1_CV="","…....................",BenB_NT1_CV)
A20: =" Ông/Bà: "&IF(BenB_NT2="","…......................................",BenB_NT2)&" Chức vụ: "&IF(BenB_NT2_CV="","…....................",BenB_NT2_CV)
A21: 3. Thời gian và địa điểm nghiệm thu:
A22: ="- Bắt đầu: "&IF(DanhMuc!$F$12="","…....... giờ …....... phút",DanhMuc!$F$12)&", "&IF(LEN(DanhMuc!$H$12)=10,"ngày "&LEFT(DanhMuc!$H$12,2)&" tháng "&MID(DanhMuc!$H$12,4,2)&" năm "&RIGHT(DanhMuc!$H$12,4),"ngày …....... tháng …....... năm 2026")
A23: ="- Kết thúc: "&IF(DanhMuc!$G$12="","…....... giờ …....... phút",DanhMuc!$G$12)&", "&IF(LEN(DanhMuc!$H$12)=10,"ngày "&LEFT(DanhMuc!$H$12,2)&" tháng "&MID(DanhMuc!$H$12,4,2)&" năm "&RIGHT(DanhMuc!$H$12,4),"ngày …....... tháng …....... năm 2026")
A24: - Tại: Công trường Tòa nhà Trung tâm Điều hành, Khu Trung tâm ĐHQG Hà Nội, xã Hòa Lạc, Hà Nội
A25: 4. Căn cứ nghiệm thu:
A26: a) Tài liệu pháp lý và hợp đồng:
A27: ="- Hợp đồng mua bán số "&SoHD&" ký ngày "&NgayHD&" giữa "&BenA_Ten&" (Bên A) và "&BenB_Ten&" (Bên B)."
A28: ="- "&"Phụ lục Hợp đồng số "&SoPL&" ký ngày "&NgayPL&" của Hợp đồng số "&SoHD&"."
A29: - Hồ sơ thiết kế, bản vẽ thi công thang máy được hai Bên phê duyệt.
A30: - Biên bản phê duyệt vật liệu/thiết bị số: ….......
A31: ="- Biên bản nghiệm thu vật tư thiết bị số: 1/TM/BBNTVL-TB/"&MaDA&" ngày "&NgayBBVT&"."
A32: ="- Biên bản nghiệm thu đơn động có tải P3: "&DanhMuc!$D$10
A33: b) Quy chuẩn, tiêu chuẩn áp dụng:
A34: - Nghị định 06/2021/NĐ-CP: Quản lý chất lượng và bảo trì công trình xây dựng;
A35: - Thông tư 10/2021/TT-BXD hướng dẫn thi hành Nghị định 06/2021/NĐ-CP;
A36: - QCVN 02:2019/BLĐTBXH: Quy chuẩn kỹ thuật quốc gia về an toàn lao động đối với thang máy;
A37: - TCVN 6396-20:2017 (EN 81-20:2014): Yêu cầu an toàn về cấu tạo và lắp đặt thang máy chở người;
A38: - TCVN 6396-72:2010 (EN 81-72:2003): Thang máy chữa cháy - yêu cầu an toàn;
A39: - TCVN 170:2007: Kết cấu thép - Gia công, lắp ráp và nghiệm thu;
A40: - Và các tiêu chuẩn liên quan khác.
A41: c) Tài liệu kỹ thuật:
A42: - Nhật ký thi công, nhật ký giám sát và các văn bản liên quan đến đối tượng nghiệm thu.
A43: - Catalogue kỹ thuật và chứng chỉ chất lượng của nhà sản xuất Schindler.
A44: 5. Nội dung chạy thử liên động không tải:
... A52: ☐ Không đồng ý nghiệm thu (lý do: ….................................................................)
A54: ="ĐẠI DIỆN BÊN A "&UPPER(BenA_Ten)&" (Ký, ghi rõ họ tên) …..............................." | F54: ="ĐẠI DIỆN BÊN B "&UPPER(BenB_Ten)&" (Ký, ghi rõ họ tên) …..............................."
A57: PHỤ LỤC
A58: BẢNG KIỂM TRA (CHECKLIST) - CHẠY THỬ LIÊN ĐỘNG KHÔNG TẢI
A59: ="Kèm theo: "&DanhMuc!$D$12
A60: Thang máy: P3 - Thang máy chở người/PCCC có phòng máy (Schindler)
A61: Căn cứ: TCVN 6396-20:2017 (EN 81-20:2014) & TCVN 6396-72:2010 (EN 81-72:2003)
A62: STT | B62: Nội dung kiểm tra | E62: Yêu cầu kỹ thuật / Tham chiếu | G62: Kết quả thực tế | I62: Đánh giá | J62: Ghi chú
A63: A. KIỂM TRA TRƯỚC LIÊN ĐỘNG
A64: A.1 | B64: Xác nhận hoàn thành đơn động không tải và có tải thang P3 | E64: BB số 2 & 3 | G64: Đạt | I64: ☑ Đạt
A65: A.2 | B65: Hệ thống điện toàn nhà ổn định, sẵn sàng cung cấp cho thang P3 | E65: Kiểm tra điện | G65: Đạt | I65: ☑ Đạt
A66: A.3 | B66: Tủ điều khiển thang P3 sẵn sàng vận hành | E66: §13.4 | G66: Đạt | I66: ☑ Đạt
A67: B. VẬN HÀNH LIÊN ĐỘNG KHÔNG TẢI (TCVN 6396-20:2017)
A68: B.1 | B68: Khởi động thang P3 không tải: vận hành ổn định, không nhiễu điện | E68: §13.1 | G68: Đạt | I68: ☑ Đạt
A69: B.2 | B69: Hệ thống điều khiển tiếp nhận và xử lý các cuộc gọi tầng chính xác, hợp lý | E69: Thiết kế hệ thống | G69: Đạt | I69: ☑ Đạt
A70: B.3 | B70: Thang P3 đáp ứng đầy đủ, chính xác lệnh gọi tại tất cả các tầng | E70: Thiết kế điều phối | G70: Đạt | I70: ☑ Đạt
A71: B.4 | B71: Không xảy ra xung đột lệnh, lỗi phần mềm điều khiển khi thang vận hành liên tục | E71: Kiểm tra log tủ điều khiển | G71: Đạt | I71: ☑ Đạt
A72: B.5 | B72: Thang P3 phản hồi tín hiệu PCCC từ hệ thống BMS/FAS của tòa nhà | E72: TCVN 6396-72:2010 §5.7 | G72: Đạt | I72: ☑ Đạt
A73: C. KIỂM TRA ĐIỆN & TẢI HỆ THỐNG
A74: C.1 | B74: Điện áp nguồn ổn định khi thang P3 vận hành liên tục (±5%) | E74: §13.1.1 | G74: Đạt | I74: ☑ Đạt
A75: C.2 | B75: Cường độ dòng điện tổng không vượt quá công suất aptomat tổng | E75: §13.1 | G75: Đạt | I75: ☑ Đạt
A76: C.3 | B76: Không có sụt áp gây lỗi hoặc reset tủ điều khiển | E76: §13.1 | G76: Đạt | I76: ☑ Đạt
A77: C.4 | B77: Điều hòa phòng máy duy trì nhiệt độ ≤ 40°C khi máy kéo chạy liên tục | E77: §6.4 | G77: Đạt | I77: ☑ Đạt
A78: D. KIỂM TRA HỆ THỐNG PCCC LIÊN ĐỘNG (TCVN 6396-72:2010)
A79: D.1 | B79: Kích hoạt tín hiệu PCCC: thang P3 nhận đúng tín hiệu từ hệ thống báo cháy của tòa nhà | E79: §5.7.2 | G79: Đạt | I79: ☑ Đạt
A80: D.2 | B80: Kích hoạt tín hiệu PCCC: thang P3 về tầng cứu hỏa chỉ định, chuyển Phase 1 | E80: §5.7.2 | G80: Đạt | I80: ☑ Đạt
A81: D.3 | B81: Sau khi hủy tín hiệu PCCC: thang P3 trở lại chế độ vận hành bình thường tự động | E81: §5.7.4 | G81: Đạt | I81: ☑ Đạt
A82: D.4 | B82: Liên động liên lạc khẩn cấp (intercom) từ cabin về phòng trực hoạt động đúng | E82: §5.7 | G82: Đạt | I82: ☑ Đạt
A83: E. THÔNG TIN & GIÁM SÁT
A84: E.1 | B84: Màn hình/bảng hiển thị vị trí thang hoạt động đúng | E84: Thiết kế | G84: Đạt | I84: ☑ Đạt
A85: E.2 | B85: Hệ thống ghi log sự kiện (event log) của thang ghi đúng | E85: Thiết kế | G85: Đạt | I85: ☑ Đạt
A86: E.3 | B86: Không có cảnh báo lỗi (fault) trong quá trình liên động | E86: Kiểm tra tủ điều khiển | G86: Đạt | I86: ☑ Đạt
A88: Ghi chú đánh giá: ☑ Đạt | ☐ Không đạt | N/A: Không áp dụng
A89: Người kiểm tra (Bên A): …................................. Ngày: ….............
A90: Người kiểm tra (Bên B): …................................. Ngày: …..............
A92: ="ĐẠI DIỆN BÊN A "&UPPER(BenA_Ten)&" (Ký, ghi rõ họ tên) …..............................." | F92: ="ĐẠI DIỆN BÊN B "&UPPER(BenB_Ten)&" (Ký, ghi rõ họ tên) …..............................."

Sheet PYC5_LienDongCoTai
A1: CỘNG HÒA XÃ HỘI CHỦ NGHĨA VIỆT NAM
A2: Độc lập - Tự do - Hạnh phúc
A3: --------o0o--------
A4: ="Hà Nội, "&IF(LEN(DanhMuc!$E$13)=10,"ngày "&LEFT(DanhMuc!$E$13,2)&" tháng "&MID(DanhMuc!$E$13,4,2)&" năm "&RIGHT(DanhMuc!$E$13,4),"ngày …... tháng …... năm 2026")&"."
A5: PHIẾU YÊU CẦU NGHIỆM THU
A6: =UPPER(SUBSTITUTE(DanhMuc!$C$13,"Phiếu yêu cầu nghiệm thu ",""))
A7: ="SỐ: "&DanhMuc!$D$13
A8: ="Dự án : "&DuAn
A9: ="Gói thầu : "&GoiThau
A10: ="Hạng mục : "&HangMuc
A11: ="Địa điểm : "&DiaDiem
A12: ="Bên A (Bên Mua) : "&BenA_Ten&" - "&BenA_DiaChi
A13: ="Bên B (Bên Bán) : "&BenB_Ten&" - "&BenB_DiaChi
A14: Đối tượng yêu cầu nghiệm thu:
A15: Thang máy P3 và các thiết bị, phụ kiện đi kèm
A16: ="Hợp đồng mua bán số "&SoHD&" ký ngày "&NgayHD&" và "&"Phụ lục Hợp đồng số "&SoPL&" ký ngày "&NgayPL&"."
A17: ="Biên bản phê duyệt vật liệu, sản phẩm xây dựng/Biên bản phê duyệt thiết bị số: 1/TM/BBNTVL-TB/"&MaDA&" ngày "&NgayBBVT&"."
A18: Khối lượng đề nghị nghiệm thu:
A19: TT | B19: Loại vật liệu, sản phẩm | D19: Số lượng | E19: Quy cách | F19: Chủng loại | H19: Giấy xuất xưởng, số lô (CO, CQ) | J19: Nhà sản xuất
A20: 1 | B20: Thang máy P3 và các thiết bị, phụ kiện đi kèm | D20: 1 | E20: Bộ | F20: Thang máy chở khách, PCCC, có Phòng máy | H20: =COCQ | J20: =NhaSX
A21: Đại diện Bên B (Bên Bán):
A22: ="Ông: "&BenB_PL&" Chức vụ: "&BenB_PL_CV&" Chữ ký: ….........................."
A23: Sau khi kiểm tra hồ sơ và quy trình lắp đặt, chạy thử; đối chiếu với bản vẽ thiết kế và các tiêu chuẩn được áp dụng; đối chiếu Hợp đồng, hồ sơ thiết kế, chỉ dẫn kỹ thuật và các quy chuẩn, tiêu chuẩn được áp dụng, chúng tôi đã hoàn thành nghiệm thu nội bộ và khẳng định rằng: Chất lượng Công việc chạy thử đảm bảo các yêu cầu kỹ thuật và đủ điều kiện nghiệm thu.
A24: ="Đề nghị Bên A (Bên Mua) - "&BenA_Ten&" tổ chức nghiệm thu:"
A25: ="Thời gian nghiệm thu: "&IF(DanhMuc!$F$13="","10h00",DanhMuc!$F$13)&" "&IF(LEN(DanhMuc!$H$13)=10,"Ngày "&LEFT(DanhMuc!$H$13,2)&" Tháng "&MID(DanhMuc!$H$13,4,2)&" Năm "&RIGHT(DanhMuc!$H$13,4),"Ngày …. Tháng …... Năm ….....")
A26: Tài liệu kèm theo:
A27: - Biên bản giao hàng;
A28: - Chứng chỉ chất lượng sản phẩm;
A29: - Kết quả thí nghiệm vật liệu;
A30: ="- Dự thảo Biên bản nghiệm thu chạy thử liên động có tải số "&DanhMuc!$D$14&" kèm Bảng kiểm tra (Checklist)."
A31: ="ĐẠI DIỆN BÊN A ("&UPPER(BenA_Ten)&")" | D31: Đã nhận Phiếu yêu cầu lúc 10h20 Ngày …. Tháng …... Năm …..... | H31: Người nhận

Sheet BB5_LienDongCoTai
A2: CỘNG HÒA XÃ HỘI CHỦ NGHĨA VIỆT NAM
A3: Độc lập - Tự do - Hạnh phúc
A4: --------o0o--------
A5: ="Hà Nội, "&IF(LEN(DanhMuc!$E$14)=10,"ngày "&LEFT(DanhMuc!$E$14,2)&" tháng "&MID(DanhMuc!$E$14,4,2)&" năm "&RIGHT(DanhMuc!$E$14,4),"ngày …... tháng …... năm 2026")
A6: =UPPER(DanhMuc!$C$14)
A7: ="SỐ: "&DanhMuc!$D$14
A8: ="Dự án: "&DuAn
A9: ="Gói thầu: "&GoiThau
A10: ="Hạng mục: "&HangMuc
A11: ="Địa điểm: "&DiaDiem
A12: 1. Đối tượng nghiệm thu:
A13: Thang máy P3 (thang máy chở người/PCCC có phòng máy, Schindler) - Chạy thử liên động có tải với các hệ thống liên quan của tòa nhà (báo cháy/PCCC, nguồn điện dự phòng, BMS).
A14: 2. Thành phần nghiệm thu:
A15: ="- Đại diện Bên A (Bên Mua): "&BenA_Ten
A16: =" Ông/Bà: "&IF(BenA_PL="","…......................................",BenA_PL)&" Chức vụ: "&IF(BenA_PL_CV="","…....................",BenA_PL_CV)
A17: ="- Đại diện Bên B (Bên Bán): "&BenB_Ten
A18: =" Ông/Bà: "&IF(BenB_PL="","…......................................",BenB_PL)&" Chức vụ: "&IF(BenB_PL_CV="","…....................",BenB_PL_CV)
A19: 3. Thời gian và địa điểm nghiệm thu:
A20: ="- Bắt đầu: "&IF(DanhMuc!$F$14="","…....... giờ …....... phút",DanhMuc!$F$14)&", "&IF(LEN(DanhMuc!$H$14)=10,"ngày "&LEFT(DanhMuc!$H$14,2)&" tháng "&MID(DanhMuc!$H$14,4,2)&" năm "&RIGHT(DanhMuc!$H$14,4),"ngày …....... tháng …....... năm 2026")
A21: ="- Kết thúc: "&IF(DanhMuc!$G$14="","…....... giờ …....... phút",DanhMuc!$G$14)&", "&IF(LEN(DanhMuc!$H$14)=10,"ngày "&LEFT(DanhMuc!$H$14,2)&" tháng "&MID(DanhMuc!$H$14,4,2)&" năm "&RIGHT(DanhMuc!$H$14,4),"ngày …....... tháng …....... năm 2026")
A22: - Tại: Công trường Tòa nhà Trung tâm Điều hành, Khu Trung tâm ĐHQG Hà Nội, xã Hòa Lạc, Hà Nội
A23: 4. Căn cứ nghiệm thu:
A24: a) Tài liệu pháp lý và hợp đồng:
A25: ="- Hợp đồng mua bán số "&SoHD&" ký ngày "&NgayHD&" giữa "&BenA_Ten&" (Bên A) và "&BenB_Ten&" (Bên B)."
A26: ="- "&"Phụ lục Hợp đồng số "&SoPL&" ký ngày "&NgayPL&" của Hợp đồng số "&SoHD&"."
A27: - Hồ sơ thiết kế, bản vẽ thi công thang máy được hai Bên phê duyệt.
A28: - Biên bản phê duyệt vật liệu/thiết bị số: ….......
A29: ="- Biên bản nghiệm thu vật tư thiết bị số: 1/TM/BBNTVL-TB/"&MaDA&" ngày "&NgayBBVT&"."
A30: ="- Biên bản nghiệm thu liên động không tải: "&DanhMuc!$D$12
A31: b) Quy chuẩn, tiêu chuẩn áp dụng:
A32: - Nghị định 06/2021/NĐ-CP: Quản lý chất lượng và bảo trì công trình xây dựng;
A33: - Thông tư 10/2021/TT-BXD hướng dẫn thi hành Nghị định 06/2021/NĐ-CP;
A34: - QCVN 02:2019/BLĐTBXH: Quy chuẩn kỹ thuật quốc gia về an toàn lao động đối với thang máy;
A35: - TCVN 6396-20:2017 (EN 81-20:2014): Yêu cầu an toàn về cấu tạo và lắp đặt thang máy chở người;
A36: - TCVN 6396-72:2010 (EN 81-72:2003): Thang máy chữa cháy - yêu cầu an toàn;
A37: - TCVN 170:2007: Kết cấu thép - Gia công, lắp ráp và nghiệm thu;
A38: - Và các tiêu chuẩn liên quan khác.
A39: c) Tài liệu kỹ thuật:
A40: - Nhật ký thi công, nhật ký giám sát và các văn bản liên quan đến đối tượng nghiệm thu.
A41: - Catalogue kỹ thuật và chứng chỉ chất lượng của nhà sản xuất Schindler.
A42: 5. Nội dung chạy thử liên động có tải:
... A50: ☐ Không đồng ý nghiệm thu (lý do: ….................................................................)
A51: ="ĐẠI DIỆN BÊN A "&UPPER(BenA_Ten)&" (Ký, đóng dấu, ghi rõ họ tên)" | F51: ="ĐẠI DIỆN BÊN B "&UPPER(BenB_Ten)&" (Ký, đóng dấu, ghi rõ họ tên)"
A57: PHỤ LỤC
A58: BẢNG KIỂM TRA (CHECKLIST) - CHẠY THỬ LIÊN ĐỘNG CÓ TẢI
A59: ="Kèm theo: "&DanhMuc!$D$14
A60: Thang máy: P3 - Thang máy chở người/PCCC có phòng máy (Schindler)
A61: Căn cứ: TCVN 6396-20:2017 (EN 81-20:2014) & TCVN 6396-72:2010 (EN 81-72:2003)
A62: STT | B62: Nội dung kiểm tra | E62: Yêu cầu kỹ thuật / Tham chiếu | H62: Kết quả thực tế | I62: Đánh giá | J62: Ghi chú
A63: A. CHUẨN BỊ THỬ LIÊN ĐỘNG CÓ TẢI
A64: A.1 | B64: Xác nhận hoàn thành liên động không tải | E64: BB số 4/TM/BBNCTLDKT/... | H64: Đạt | I64: ☑ Đạt
A65: A.2 | B65: Chuẩn bị tải thử cho thang P3 (100% tải định mức) | E65: TCVN 6396-20:2017 §8.3 | H65: Đạt | I65: ☑ Đạt
A66: A.3 | B66: Nguồn điện tổng đủ công suất cho thang P3 vận hành có tải | E66: §13.1 | H66: Đạt | I66: ☑ Đạt
A67: B. VẬN HÀNH LIÊN ĐỘNG CÓ TẢI (TCVN 6396-20:2017)
A68: B.1 | B68: Thang P3 vận hành 100% tải: không sụt áp, không lỗi tủ điều khiển | E68: §13.1 | H68: Đạt | I68: ☑ Đạt
A69: B.2 | B69: Hệ thống điều khiển hoạt động đúng, ổn định khi thang có tải | E69: Thiết kế | H69: Đạt | I69: ☑ Đạt
A70: B.3 | B70: Nhiệt độ phòng máy ≤ 40°C sau 2 giờ vận hành liên tục có tải đầy | E70: §6.4 | H70: Đạt | I70: ☑ Đạt
A71: B.4 | B71: Tiếng ồn, rung động không vượt giới hạn khi thang vận hành có tải | E71: EN 81-20 §5.12 | H71: Đạt | I71: ☑ Đạt
A72: B.5 | B72: Độ lệch dừng tầng P3 ≤ ±10mm khi vận hành liên động có tải | E72: §5.7.2 | H72: Đạt | I72: ☑ Đạt
A73: C. THỬ NGHIỆM THIẾT BỊ AN TOÀN LIÊN ĐỘNG
A74: C.1 | B74: Mất điện đột ngột (cắt aptomat tổng): phanh thang P3 giữ tải an toàn | E74: §12.4 | H74: Đạt | I74: ☑ Đạt
A75: C.2 | B75: Phục hồi điện: thang P3 tự khởi động lại theo trình tự an toàn | E75: §13.4 | H75: Đạt | I75: ☑ Đạt
A76: C.3 | B76: Thử UPS/máy phát PCCC: thang P3 tiếp tục vận hành khi mất điện lưới (chuyển sang nguồn ưu tiên) | E76: TCVN 6396-72:2010 §5.9 | H76: Đạt | I76: ☑ Đạt
A77: D. THỬ NGHIỆM PCCC LIÊN ĐỘNG CÓ TẢI (TCVN 6396-72:2010)
A78: D.1 | B78: Kích hoạt PCCC khi thang đang có tải: P3 về tầng cứu hỏa chỉ định | E78: §5.7.2 | H78: Đạt | I78: ☑ Đạt
A79: D.2 | B79: P3 thực hiện Phase 2 có tải: mở cửa, giữ cửa theo lệnh thủ công | E79: §5.7.3 | H79: Đạt | I79: ☑ Đạt
A80: D.3 | B80: Đèn tín hiệu PCCC tại tầng cứu hỏa sáng đúng trong quá trình thử có tải | E80: §5.8 | H80: Đạt | I80: ☑ Đạt
A81: D.4 | B81: Cáp fire-rated không quá nhiệt trong điều kiện vận hành liên tục có tải | E81: §5.9.3 | H81: Đạt | I81: ☑ Đạt
A82: E. KIỂM TRA TỔNG THỂ KẾT THÚC THỬ NGHIỆM
A83: E.1 | B83: Không có biến dạng kết cấu ray, khung cabin sau toàn bộ quá trình thử | E83: §10.1 | H83: Đạt | I83: ☑ Đạt
A84: E.2 | B84: Không có hiện tượng nứt mối hàn, bu lông nới lỏng | E84: TCVN 170:2007 | H84: Đạt | I84: ☑ Đạt
A85: E.3 | B85: Cáp tải không bị giãn bất thường, không đứt sợi | E85: §9.1 | H85: Đạt | I85: ☑ Đạt
A86: E.4 | B86: Log sự kiện tủ điều khiển không có lỗi nghiêm trọng (fault code) | E86: Kiểm tra tủ điều khiển | H86: Đạt | I86: ☑ Đạt
A87: E.5 | B87: Hoàn thiện bề mặt cabin, cửa tầng không bị trầy xước, biến dạng | E87: Kiểm tra trực quan | H87: Đạt | I87: ☑ Đạt
A89: Ghi chú đánh giá: ☑ Đạt | ☐ Không đạt | N/A: Không áp dụng
A90: Người kiểm tra (Bên A): …................................. Ngày: ….............
A91: Người kiểm tra (Bên B): …................................. Ngày: …..............
A93: ="ĐẠI DIỆN BÊN A "&UPPER(BenA_Ten)&" (Ký, ghi rõ họ tên) …..............................." | F93: ="ĐẠI DIỆN BÊN B "&UPPER(BenB_Ten)&" (Ký, ghi rõ họ tên) …..............................."

Sheet PYC6_HoanThanhHangMuc
A1: CỘNG HÒA XÃ HỘI CHỦ NGHĨA VIỆT NAM
A2: Độc lập - Tự do - Hạnh phúc
A3: --------o0o--------
A4: ="Hà Nội, "&IF(LEN(DanhMuc!$E$15)=10,"ngày "&LEFT(DanhMuc!$E$15,2)&" tháng "&MID(DanhMuc!$E$15,4,2)&" năm "&RIGHT(DanhMuc!$E$15,4),"ngày …... tháng …... năm 2026")&"."
A5: PHIẾU YÊU CẦU NGHIỆM THU
A6: =UPPER(SUBSTITUTE(DanhMuc!$C$15,"Phiếu yêu cầu nghiệm thu ",""))
A7: ="SỐ: "&DanhMuc!$D$15
A8: ="Dự án : "&DuAn
A9: ="Gói thầu : "&GoiThau
A10: ="Hạng mục : "&HangMuc
A11: ="Địa điểm : "&DiaDiem
A12: ="Bên A (Bên Mua) : "&BenA_Ten&" - "&BenA_DiaChi
A13: ="Bên B (Bên Bán) : "&BenB_Ten&" - "&BenB_DiaChi
A14: Đối tượng yêu cầu nghiệm thu:
A15: Thang máy P3 và các thiết bị, phụ kiện đi kèm
A16: ="Hợp đồng mua bán số "&SoHD&" ký ngày "&NgayHD&" và "&"Phụ lục Hợp đồng số "&SoPL&" ký ngày "&NgayPL&"."
A17: ="Biên bản phê duyệt vật liệu, sản phẩm xây dựng/Biên bản phê duyệt thiết bị số: 1/TM/BBNTVL-TB/"&MaDA&" ngày "&NgayBBVT&"."
A18: Khối lượng đề nghị nghiệm thu:
A19: TT | B19: Loại vật liệu, sản phẩm | D19: Số lượng | E19: Quy cách | F19: Chủng loại | H19: Giấy xuất xưởng, số lô (CO, CQ) | J19: Nhà sản xuất
A20: 1 | B20: Thang máy P3 và các thiết bị, phụ kiện đi kèm | D20: 1 | E20: Bộ | F20: Thang máy chở khách, PCCC, có Phòng máy | H20: =COCQ | J20: =NhaSX
A21: Đại diện Bên B (Bên Bán):
A22: ="Ông: "&BenB_PL&" Chức vụ: "&BenB_PL_CV&" Chữ ký: ….........................."
A23: Sau khi kiểm tra hồ sơ và quy trình lắp đặt, chạy thử; đối chiếu với bản vẽ thiết kế và các tiêu chuẩn được áp dụng; đối chiếu Hợp đồng, hồ sơ thiết kế, chỉ dẫn kỹ thuật và các quy chuẩn, tiêu chuẩn được áp dụng, chúng tôi đã hoàn thành nghiệm thu nội bộ và khẳng định rằng: Chất lượng Công việc thi công, chạy thử đảm bảo các yêu cầu kỹ thuật và đủ điều kiện nghiệm thu Hoàn thành hạng mục, bàn giao đưa vào sử dụng.
A24: ="Đề nghị Bên A (Bên Mua) - "&BenA_Ten&" tổ chức nghiệm thu:"
A25: ="Thời gian nghiệm thu: "&IF(DanhMuc!$F$15="","10h00",DanhMuc!$F$15)&" "&IF(LEN(DanhMuc!$H$15)=10,"Ngày "&LEFT(DanhMuc!$H$15,2)&" Tháng "&MID(DanhMuc!$H$15,4,2)&" Năm "&RIGHT(DanhMuc!$H$15,4),"Ngày …. Tháng …... Năm ….....")
A26: Tài liệu kèm theo:
A27: - Biên bản giao hàng;
A28: - Chứng chỉ chất lượng sản phẩm;
A29: - Kết quả thí nghiệm vật liệu;
A30: ="- Dự thảo Biên bản nghiệm thu hoàn thành hạng mục đưa vào sử dụng số "&DanhMuc!$D$16&" kèm Bảng kiểm tra (Checklist)."
A31: ="ĐẠI DIỆN BÊN A ("&UPPER(BenA_Ten)&")" | D31: Đã nhận Phiếu yêu cầu lúc 10h20 Ngày …. Tháng …... Năm …..... | H31: Người nhận

Sheet BB6_HoanThanhHangMuc
A2: CỘNG HÒA XÃ HỘI CHỦ NGHĨA VIỆT NAM
A3: Độc lập - Tự do - Hạnh phúc
A4: --------o0o--------
A5: ="Hà Nội, "&IF(LEN(DanhMuc!$E$16)=10,"ngày "&LEFT(DanhMuc!$E$16,2)&" tháng "&MID(DanhMuc!$E$16,4,2)&" năm "&RIGHT(DanhMuc!$E$16,4),"ngày …... tháng …... năm 2026")
A6: =UPPER(DanhMuc!$C$16)
A7: ="SỐ: "&DanhMuc!$D$16
A8: ="Dự án: "&DuAn
A9: ="Gói thầu: "&GoiThau
A10: ="Hạng mục: "&HangMuc
A11: ="Địa điểm: "&DiaDiem
A12: 1. Đối tượng nghiệm thu:
A13: Hoàn thành hạng mục Cung cấp và lắp đặt Thang máy P3 (thang máy chở người/PCCC có phòng máy, Schindler) tại Tòa nhà Trung tâm Điều hành - ĐHQG Hà Nội.
A14: 2. Thành phần nghiệm thu:
A15: ="- Đại diện Bên A (Bên Mua): "&BenA_Ten
A16: =" Ông/Bà: "&IF(BenA_PL="","…......................................",BenA_PL)&" Chức vụ: "&IF(BenA_PL_CV="","…....................",BenA_PL_CV)
A17: ="- Đại diện Bên B (Bên Bán): "&BenB_Ten
A18: =" Ông/Bà: "&IF(BenB_PL="","…......................................",BenB_PL)&" Chức vụ: "&IF(BenB_PL_CV="","…....................",BenB_PL_CV)
A19: 3. Thời gian và địa điểm nghiệm thu:
A20: ="- Bắt đầu: "&IF(DanhMuc!$F$16="","…....... giờ …....... phút",DanhMuc!$F$16)&", "&IF(LEN(DanhMuc!$H$16)=10,"ngày "&LEFT(DanhMuc!$H$16,2)&" tháng "&MID(DanhMuc!$H$16,4,2)&" năm "&RIGHT(DanhMuc!$H$16,4),"ngày …....... tháng …....... năm 2026")
A21: ="- Kết thúc: "&IF(DanhMuc!$G$16="","…....... giờ …....... phút",DanhMuc!$G$16)&", "&IF(LEN(DanhMuc!$H$16)=10,"ngày "&LEFT(DanhMuc!$H$16,2)&" tháng "&MID(DanhMuc!$H$16,4,2)&" năm "&RIGHT(DanhMuc!$H$16,4),"ngày …....... tháng …....... năm 2026")
A22: - Tại: Công trường Tòa nhà Trung tâm Điều hành, Khu Trung tâm ĐHQG Hà Nội, xã Hòa Lạc, Hà Nội
A23: 4. Căn cứ nghiệm thu:
A24: a) Tài liệu pháp lý và hợp đồng:
A25: ="- Hợp đồng mua bán số "&SoHD&" ký ngày "&NgayHD&" giữa "&BenA_Ten&" (Bên A) và "&BenB_Ten&" (Bên B)."
A26: ="- "&"Phụ lục Hợp đồng số "&SoPL&" ký ngày "&NgayPL&" của Hợp đồng số "&SoHD&"."
A27: - Hồ sơ thiết kế, bản vẽ thi công thang máy được hai Bên phê duyệt.
A28: - Biên bản phê duyệt vật liệu/thiết bị số: ….......
A29: ="- Biên bản nghiệm thu vật tư thiết bị số: 1/TM/BBNTVL-TB/"&MaDA&" ngày "&NgayBBVT&"."
A30: ="- BB lắp đặt tĩnh: "&DanhMuc!$D$6
A31: ="- BB đơn động không tải: "&DanhMuc!$D$8
A32: ="- BB đơn động có tải: "&DanhMuc!$D$10
A33: ="- BB liên động không tải: "&DanhMuc!$D$12
A34: ="- BB liên động có tải: "&DanhMuc!$D$14
A35: - Giấy chứng nhận kiểm định kỹ thuật an toàn thang máy P3 (Cơ quan kiểm định được chỉ định).
A36: b) Quy chuẩn, tiêu chuẩn áp dụng:
A37: - Nghị định 06/2021/NĐ-CP: Quản lý chất lượng và bảo trì công trình xây dựng;
A38: - Thông tư 10/2021/TT-BXD hướng dẫn thi hành Nghị định 06/2021/NĐ-CP;
A39: - QCVN 02:2019/BLĐTBXH: Quy chuẩn kỹ thuật quốc gia về an toàn lao động đối với thang máy;
A40: - TCVN 6396-20:2017 (EN 81-20:2014): Yêu cầu an toàn về cấu tạo và lắp đặt thang máy chở người;
A41: - TCVN 6396-72:2010 (EN 81-72:2003): Thang máy chữa cháy - yêu cầu an toàn;
A42: - TCVN 170:2007: Kết cấu thép - Gia công, lắp ráp và nghiệm thu;
A43: - Và các tiêu chuẩn liên quan khác.
A44: c) Tài liệu kỹ thuật:
A45: - Nhật ký thi công, nhật ký giám sát và các văn bản liên quan đến đối tượng nghiệm thu.
A46: - Catalogue kỹ thuật và chứng chỉ chất lượng của nhà sản xuất Schindler.
... A55: ☐ Không đồng ý nghiệm thu (lý do: ….................................................................)
A57: ="ĐẠI DIỆN BÊN A "&UPPER(BenA_Ten)&" (Ký, đóng dấu, ghi rõ họ tên)" | F57: ="ĐẠI DIỆN BÊN B "&UPPER(BenB_Ten)&" (Ký, đóng dấu, ghi rõ họ tên)"
A58: PHỤ LỤC
A59: BẢNG KIỂM TRA (CHECKLIST) - HOÀN THÀNH HẠNG MỤC ĐƯA VÀO SỬ DỤNG
A60: ="Kèm theo: "&DanhMuc!$D$16
A61: Thang máy: P3 - Thang máy chở người/PCCC có phòng máy (Schindler)
A62: Căn cứ: TCVN 6396-20:2017 (EN 81-20:2014) & TCVN 6396-72:2010 (EN 81-72:2003)
A63: STT | B63: Nội dung kiểm tra | E63: Yêu cầu kỹ thuật / Tham chiếu | H63: Kết quả thực tế | I63: Đánh giá | J63: Ghi chú
A64: A. XÁC NHẬN CÁC BIÊN BẢN NGHIỆM THU TRƯỚC
A65: A.1 | B65: Đã có BB nghiệm thu lắp đặt tĩnh số 1/TM/BBNLT/... | E65: Hồ sơ | H65: Đạt | I65: ☑ Đạt
A66: A.2 | B66: Đã có BB chạy thử đơn động không tải số 2/TM/BBNCTDDKT/... | E66: Hồ sơ | H66: Đạt | I66: ☑ Đạt
A67: A.3 | B67: Đã có BB chạy thử đơn động có tải số 3/TM/BBNCTDDCT/... | E67: Hồ sơ | H67: Đạt | I67: ☑ Đạt
A68: A.4 | B68: Đã có BB liên động không tải số 4/TM/BBNCTLDKT/... | E68: Hồ sơ | H68: Đạt | I68: ☑ Đạt
A69: A.5 | B69: Đã có BB liên động có tải số 5/TM/BBNCTLDCT/... | E69: Hồ sơ | H69: Đạt | I69: ☑ Đạt
A70: A.6 | B70: Đã có Giấy chứng nhận kiểm định kỹ thuật an toàn thang máy (cơ quan kiểm định được chỉ định) | E70: QCVN 02:2019 | H70: Đạt | I70: ☑ Đạt
A71: B. HỒ SƠ HOÀN CÔNG & TÀI LIỆU BÀN GIAO (TCVN 6396-20:2017 §16)
A72: B.1 | B72: Bản vẽ hoàn công đã được ký xác nhận đầy đủ | E72: §16.1 | H72: Đạt | I72: ☑ Đạt
A73: B.2 | B73: Hướng dẫn vận hành thang máy (tiếng Việt) của Schindler | E73: §16.2 | H73: Đạt | I73: ☑ Đạt
A74: B.3 | B74: Hướng dẫn bảo trì định kỳ, danh sách phụ tùng thay thế | E74: §16.2 | H74: Đạt | I74: ☑ Đạt
A75: B.4 | B75: Catalogue kỹ thuật, chứng chỉ chất lượng (CO, CQ) còn hiệu lực | E75: Hồ sơ | H75: Đạt | I75: ☑ Đạt
A76: B.5 | B76: Hồ sơ năng lực, giấy phép lắp đặt thang máy của nhà thầu | E76: QCVN 02:2019 | H76: Đạt | I76: ☑ Đạt
A77: B.6 | B77: Nhật ký thi công được ký xác nhận đầy đủ | E77: Hợp đồng | H77: Đạt | I77: ☑ Đạt
A78: C. KIỂM TRA MỸ QUAN & HOÀN THIỆN
A79: C.1 | B79: Ốp cabin, trần cabin, sàn cabin hoàn thiện, sạch sẽ, không trầy xước | E79: Thiết kế | H79: Đạt | I79: ☑ Đạt
A80: C.2 | B80: Cửa tầng: ốp cạnh, ngưỡng cửa, khung cửa hoàn thiện đúng mẫu | E80: Thiết kế | H80: Đạt | I80: ☑ Đạt
A81: C.3 | B81: Bảng điều khiển tầng (hall button) gắn chắc, nhãn tầng rõ ràng | E81: §8.13 | H81: Đạt | I81: ☑ Đạt
A82: C.4 | B82: Biển hiệu: tải trọng tối đa, số người tối đa dán trong cabin | E82: §8.14 | H82: Đạt | I82: ☑ Đạt
A83: C.5 | B83: Ký hiệu PCCC dán rõ ràng tại cabin và tầng cứu hỏa | E83: TCVN 6396-72:2010 §5.5 | H83: Đạt | I83: ☑ Đạt
A84: C.6 | B84: Phòng máy: dọn dẹp sạch sẽ, dụng cụ và tài liệu kỹ thuật sắp xếp ngăn nắp | E84: §6.3 | H84: Đạt | I84: ☑ Đạt
A85: D. KIỂM TRA VẬN HÀNH LẦN CUỐI TRƯỚC BÀN GIAO
A86: D.1 | B86: Thang vận hành bình thường ở chế độ tự động: lên/xuống đầy đủ các tầng | E86: §12.1 | H86: Đạt | I86: ☑ Đạt
A87: D.2 | B87: Tất cả nút gọi tầng và nút trong cabin hoạt động đúng | E87: §8.13 | H87: Đạt | I87: ☑ Đạt
A88: D.3 | B88: Chuông/điện thoại khẩn cấp hoạt động, kết nối đến bộ phận quản lý | E88: §8.9 | H88: Đạt | I88: ☑ Đạt
A89: D.4 | B89: Đèn chiếu sáng cabin, đèn sự cố hoạt động bình thường | E89: §8.10, §8.11 | H89: Đạt | I89: ☑ Đạt
A90: D.5 | B90: Điều hòa phòng máy vận hành bình thường (nhiệt độ ≤ 40°C) | E90: §6.4 | H90: Đạt | I90: ☑ Đạt
A91: E. YÊU CẦU RIÊNG THANG PCCC (TCVN 6396-72:2010)
A92: E.1 | B92: Kiểm tra lần cuối Phase 1 & Phase 2 PCCC hoạt động đúng | E92: §5.7 | H92: Đạt | I92: ☑ Đạt
A93: E.2 | B93: Nguồn điện dự phòng PCCC sẵn sàng, UPS/máy phát đã kiểm tra | E93: §5.9 | H93: Đạt | I93: ☑ Đạt
A94: E.3 | B94: Bàn giao quy trình vận hành PCCC cho lực lượng PCCC công trình | E94: QCVN 02:2019 | H94: Đạt | I94: ☑ Đạt
A95: E.4 | B95: Chứng nhận kiểm định PCCC (phòng cháy chữa cháy) còn hiệu lực kèm hồ sơ | E95: Luật PCCC | H95: Đạt | I95: ☑ Đạt
A96: F. KẾT QUẢ KIỂM ĐỊNH KỸ THUẬT AN TOÀN
A97: F.1 | B97: Giấy chứng nhận kiểm định kỹ thuật an toàn thang máy P3 còn hiệu lực | E97: QCVN 02:2019 | H97: Đạt | I97: ☑ Đạt
A98: F.2 | B98: Tem kiểm định dán trong cabin, ghi rõ ngày hết hạn | E98: QCVN 02:2019 | H98: Đạt | I98: ☑ Đạt
A99: F.3 | B99: Hồ sơ thiết bị thang máy đã đăng ký với cơ quan nhà nước có thẩm quyền | E99: QCVN 02:2019 | H99: Đạt | I99: ☑ Đạt
A101: Ghi chú đánh giá: ☑ Đạt | ☐ Không đạt | N/A: Không áp dụng
A102: Người kiểm tra (Bên A): …................................. Ngày: ….............
A103: Người kiểm tra (Bên B): …................................. Ngày: …..............
A105: ="ĐẠI DIỆN BÊN A "&UPPER(BenA_Ten)&" (Ký, ghi rõ họ tên) …..............................." | F105: ="ĐẠI DIỆN BÊN B "&UPPER(BenB_Ten)&" (Ký, ghi rõ họ tên) …..............................."

Sheet BBG_BanGiao
A2: CỘNG HÒA XÃ HỘI CHỦ NGHĨA VIỆT NAM
A3: Độc lập - Tự do - Hạnh phúc
A4: --------o0o--------
A6: ="Hà Nội, "&IF(LEN(DanhMuc!$E$17)=10,"ngày "&LEFT(DanhMuc!$E$17,2)&" tháng "&MID(DanhMuc!$E$17,4,2)&" năm "&RIGHT(DanhMuc!$E$17,4),"ngày …... tháng …... năm 2026")
A7: =UPPER(DanhMuc!$C$17)
A8: LIFT HANDOVER CERTIFICATE
A10: Công trình: Project: Số hợp đồng: Contract no: | C10: ="TÒA NHÀ TRUNG TÂM ĐIỀU HÀNH – Khu trung tâm ĐHQGHN Hợp đồng mua bán số "&SoHD&" ký ngày "&NgayHD&" và "&"Phụ lục Hợp đồng số "&SoPL&" ký ngày "&NgayPL
A12: Bên Mua | D12: : | E12: =BenA_Ten&" Địa chỉ: "&BenA_DiaChi
A13: Buyer | E13: ="Đại diện Ông "&BenA_PL&" – "&BenA_PL_CV
A15: Bên Bán | D15: : | E15: =BenB_Ten
A16: Seller | E16: ="Địa chỉ: "&BenB_DiaChi
E17: ="Đại diện: Ông "&BenB_PL&" – "&BenB_PL_CV
A18: Bên Mua và Bên bán thống nhất ký kết Biên bản bàn giao thang máy (sau đây gọi là "Biên bản bàn giao") theo các nội dung sau đây:
A19: The Buyer and the Seller unanimously agree to enter the Lift hand-over Certificate (hereinafter referred as the “Certificate”) with the following provisions:
A20: Tên thiết bị bàn giao: Thang máy Schindler 6000 mã hiệu thang máy số P3
A21: Equipment will be handed over: Schindler 6000 No. P3
A22: Số lượng: 01
A23: Quantity: 01
A24: Các thông số kỹ thuật chính:
A25: Main Technical Spectification:
A26: * Chủng loại / Model | G26: : | H26: Schindler 6000
A27: * Số điểm dừng / No. of Stop | G27: : | H27: 12
A28: * Vận tốc (m/s) / Speed (m/s) | G28: : | H28: 1.75
A29: * Tải trọng (Kg) / Capacity (kg) | G29: : | H29: 1000
A30: Biên bản bào giao này xác nhận thang máy trên đã được lắp đặt hoàn chỉnh, đã được kiểm định an toàn lần đầu bởi cơ quan chức năng có thẩm quyền theo quy định kiểm định an toàn của Nhà Nước (Theo Giấy chứng nhận Kết quả Kiểm định cho Thang máy số ........ ngày .... tháng ... năm 202...).
A31: Trong quá trình sử dụng thang máy, Bên mua phải có trách nhiệm bảo quản và hoàn toàn chịu trách nhiệm với các lỗi của người sử dụng gây ra như: nước tràn vào thang máy, chèn/chặn hay va đập làm móp méo/cong vênh/xước cửa tầng, Cabin thang máy hoặc cháy chập nguồn điện cung cấp, hư hỏng các thiết bị của thang máy do người sử dụng, v.v…
A32: During the use of the lift, the Buyer must be responsible for preserving and being fully responsible for the user's errors, such as water overflowing into the lift, insertion /blocking or impact distorting /curving /scratching the door, or short- circuiting the power supply, and damage to lift equipment caused by users....
A33: Biên bản này được lập thành 2 (hai) bản, mỗi bên giữ 1 (một) bản. Tiếng Việt sẽ được ưu tiên áp dụng để diễn giải.
A34: This Certificate is written in 2 (Two) copies, each party keeps 1 (One) copy. Vietnamese version shall prevail to be used for the purpose of interpretation.
A35: *Thời gian bảo hành, bảo trì miễn phí: theo điều 7 của Hợp đồng – …... tháng kể từ ngày Phát hành _________________________ – từ ngày …./...../202... cho đến hết ngày …./...../202…
A36: Warranty and free maintainance period: follow the contrac ternm 7
A37: ĐẠI DIỆN BÊN MUA/ On behalf of the Buyer | F37: ĐẠI DIỆN BÊN BÁN/ On behalf of the Seller
